time,x_maximum
1.006061906331760838e+02,1.351817630845932783e+01
1.013312482710455669e+02,1.439497552955511495e+01
1.021694353487096549e+02,1.615738212241326011e+01
1.032355430529510869e+02,-1.288959087675540349e+00
1.044236663270863943e+02,1.500173037095663275e+01
1.059846914937143509e+02,1.326888082138136404e+01
1.066930158140105789e+02,1.401525209655706661e+01
1.074655500025133819e+02,1.526585836909084293e+01
1.090041557141670694e+02,1.456105172260918934e+01
1.098954010161089201e+02,1.671383572590803723e+01
1.108940721191567178e+02,-2.604396436740276322e+00
1.116390948659022087e+02,-1.329008074992943378e+00
1.128311771587519843e+02,1.510249043836716965e+01
1.143753804988053844e+02,1.380748927268189519e+01
1.151250920503594415e+02,1.487891329196319568e+01
1.167417373566833589e+02,1.236922484325300253e+01
1.174091467106942588e+02,1.280819311771972835e+01
1.180934610226200476e+02,1.336647025512374221e+01
1.188077727414547553e+02,1.415598471640157641e+01
1.195998370344973978e+02,1.556107325663036001e+01
1.211806181597008276e+02,1.593211143464233004e+01
1.223034204767010493e+02,-5.830830346041437906e-01
1.234677865604166840e+02,1.325527135461882366e+01
1.241752886119834614e+02,1.399528565799161051e+01
1.249453493695941120e+02,1.522625647766897039e+01
1.264834536232309290e+02,1.438435776946023381e+01
1.273193302528602260e+02,1.613042133602182204e+01
1.283903657310893607e+02,-1.213167818818554844e+00
1.295719029789789261e+02,1.481443645953208410e+01
1.312912099543412410e+02,1.147093317066253704e+01
1.319344227083416570e+02,1.173955844097404544e+01
1.325836942042374176e+02,1.203922907452754032e+01
1.332407717968668805e+02,1.239540110901579872e+01
1.339089684105430536e+02,1.283307201650732665e+01
1.345943907840008080e+02,1.339974461844059839e+01
1.353109100025585292e+02,1.420654489783107444e+01
1.361110831341281937e+02,1.567535801551787777e+01
1.377415632453964633e+02,1.662406400255026284e+01
1.387484577780305415e+02,-2.414987668121459041e+00
1.395137966814629635e+02,-9.719780181635639948e-01
1.406811445730358798e+02,1.423328020573999098e+01
1.414861230682703024e+02,1.574113353596447418e+01
1.431744099595877060e+02,1.718495878460361581e+01
1.441382818238004972e+02,-3.513309547901809715e+00
1.448291497535142582e+02,-2.753955332643796883e+00
1.455617713401363460e+02,-1.589995705819631455e+00
1.467907443414978275e+02,1.581555919702410051e+01
1.480604488316554068e+02,-3.660648461966464762e-02
1.493695002393156983e+02,1.082526233548682804e+01
1.500011440241897560e+02,1.101522610217629250e+01
1.506360302039101668e+02,1.121087073729817440e+01
1.512742614366493115e+02,1.143090724683082371e+01
1.519167086401157860e+02,1.168141263608187863e+01
1.525646064912070585e+02,1.197117977291496871e+01
1.532197983842789313e+02,1.231365737819512773e+01
1.538852426899762804e+02,1.273102773643701191e+01
1.545662287774269146e+02,1.326416384176163454e+01
1.552741037619814790e+02,1.400345289157475470e+01
1.560451684600534463e+02,1.524239473473902606e+01
1.575833446268310070e+02,1.445663430034874786e+01
1.584383035846465759e+02,1.634618181231311240e+01
1.594759578595471794e+02,-1.779874171772127367e+00
1.607535283679035842e+02,1.646333765215007006e+01
1.617770429407657957e+02,-2.057938882977487172e+00
1.626705381932461876e+02,-8.973079985997797769e-02
1.639215443681414683e+02,1.133154923124808988e+01
1.645619248145419817e+02,1.158082567619694636e+01
1.652075454557891874e+02,1.185419173411619198e+01
1.658596543949280715e+02,1.217434631688062652e+01
1.665206918053142999e+02,1.255938924681719904e+01
1.671948184079477926e+02,1.304109335834608885e+01
1.678902445478976517e+02,1.368412150512695646e+01
1.686284179741854814e+02,1.466173417896914621e+01
1.695741382942890709e+02,1.718104431647137886e+01
1.705382550846510981e+02,-3.506218327457403028e+00
1.712294170498555843e+02,-2.743953416769666642e+00
1.719627988301886319e+02,-1.572990451920593946e+00
1.731886033777947773e+02,1.576475718620666377e+01
1.749134778049921692e+02,1.746791617265103014e+01
1.758611667587985039e+02,-4.008596660945846324e+00
1.765341349079031943e+02,-3.425441965584175463e+00
1.772287336900570267e+02,-2.628969491287421523e+00
1.779715492686003415e+02,-1.372873121566714261e+00
1.791683983996705933e+02,1.521477428824406175e+01
1.807065591256913422e+02,1.433449778908442163e+01
1.815311324360886260e+02,1.599417266988400144e+01
1.826332977642805417e+02,-7.978802911265761022e-01
1.837961281280568642e+02,1.381022081750384523e+01
1.845461080444680135e+02,1.488377204830226574e+01
1.861589097733125868e+02,1.241562453745658168e+01
1.868279202334887827e+02,1.286620265264715712e+01
1.875148458715262052e+02,1.344428659103874679e+01
1.882344149258235291e+02,1.427501491206881923e+01
1.890467687488371951e+02,1.583892385094940991e+01
1.902340281582326611e+02,-1.871305283936684494e-01
1.914427034122118130e+02,1.190113238376803828e+01
1.920960689854737780e+02,1.224006254096495816e+01
1.927591423221001889e+02,1.264001458864236582e+01
1.934364022259465798e+02,1.314514686148542388e+01
1.941373877821692133e+02,1.383100750931252598e+01
1.948892501757335936e+02,1.491732304076631266e+01
1.964808982205138363e+02,1.270128967231885397e+01
1.971607798590298160e+02,1.323172100863486023e+01
1.978667165115797104e+02,1.395594188461721430e+01
1.986320852002442905e+02,1.514963823196106141e+01
2.001724853295634432e+02,1.403265197529241348e+01
2.009474296216154130e+02,1.530414234271679952e+01
2.024875504056766431e+02,1.473042408103508905e+01
2.035047153802638888e+02,1.767634756078044589e+01
2.044421010029348054e+02,-4.355747172356173813e+00
2.051049579707522810e+02,-3.870310020261952477e+00
2.057824520199242500e+02,-3.242663645673420802e+00
2.064855261136104332e+02,-2.362447937993924718e+00
2.072580117749911039e+02,-8.656924752354588914e-01
2.084220366474781088e+02,1.397659036539048039e+01
2.091900344590013674e+02,1.519304287852621016e+01
2.107285816234791298e+02,1.423395061443937948e+01
2.115336778307076031e+02,1.574272275080820371e+01
2.132239892336575906e+02,1.720180706885894040e+01
2.141868160324105475e+02,-3.543691059103415419e+00
2.148764381916697062e+02,-2.796667153083092217e+00
2.156059071987669711e+02,-1.661956182706450402e+00
2.168500226220658931e+02,1.604104609107166723e+01
2.179399322166134425e+02,-9.482375076890493526e-01
2.191063896992328921e+02,1.417625930140820500e+01
2.199018429846387050e+02,1.560953399795340957e+01
2.214994228244430019e+02,1.620118471428303764e+01
2.225580718258096340e+02,-1.408861591211606923e+00
2.237592005001857274e+02,1.530868796311546731e+01
2.252995869390928760e+02,1.475208800044867452e+01
2.263571114213009992e+02,1.790996997112192801e+01
2.272842967795861568e+02,-4.730304114053260456e+00
2.279379182273825677e+02,-4.332343891816337056e+00
2.286013981602409899e+02,-3.840660738598832946e+00
2.292799064400986424e+02,-3.203063159181815500e+00
2.299849599793338371e+02,-2.303358329110817060e+00
2.307667674989440059e+02,-7.412146961073218243e-01
2.319291731502401603e+02,1.366867900848960815e+01
2.326661996635644982e+02,1.463971693220574899e+01
2.335970506701958129e+02,1.706227272585967469e+01
2.345688900540610859e+02,-3.288187044854225416e+00
2.352697586348505183e+02,-2.429895475307526365e+00
2.360332247746134442e+02,-1.001338333779240308e+00
2.372017977097326309e+02,1.430371516900560458e+01
2.380199881168664149e+02,1.591420102680278958e+01
2.391504179890484636e+02,-5.156094519525938891e-01
2.403173047030901159e+02,1.306670395912422045e+01
2.410142176136771184e+02,1.372539489982690419e+01
2.417560323130990128e+02,1.473189041939368238e+01
2.427742634793941932e+02,1.768288145591681371e+01
2.437113454207906784e+02,-4.366419921174051311e+00
2.443739169818503285e+02,-3.883713353757850761e+00
2.450509576346226481e+02,-3.260511635701928146e+00
2.457531575005268678e+02,-2.388914405489952486e+00
2.465219311604578252e+02,-9.196553566160092785e-01
2.476874253116320688e+02,1.410736471256984359e+01
2.484724930580547095e+02,1.545888133133300535e+01
2.500296042128831004e+02,1.542655260510013449e+01
2.515816253736778094e+02,1.527843818204662085e+01
2.531206298176941232e+02,1.461846218802587316e+01
2.540394685949961797e+02,1.696178290037803649e+01
2.550183463246991096e+02,-3.098294921027919813e+00
2.557289250972366403e+02,-2.144576045430450328e+00
2.565504851043053236e+02,-3.645714926541532286e-01
2.577282822297954681e+02,1.260069796088122018e+01
2.584041240557535275e+02,1.310125339912451459e+01
2.591027149037739719e+02,1.376863182377837092e+01
2.598485094303288747e+02,1.480672635656807223e+01
2.616059818000563837e+02,1.123810756863368887e+01
2.622445741519342732e+02,1.147521371507276555e+01
2.628879327054287955e+02,1.173228825071019266e+01
2.635370300885397796e+02,1.203070185825255756e+01
2.641938675215893682e+02,1.238512794242179105e+01
2.648617111221687423e+02,1.282019025875594664e+01
2.655465575662417450e+02,1.338249733343438130e+01
2.662619252075854774e+02,1.418027654908331670e+01
2.670578010607982264e+02,1.561535600858708506e+01
2.686577423161654679e+02,1.623544702973771692e+01
2.697109784276869959e+02,-1.499781542208627139e+00
2.709245918723623276e+02,1.555464912827126867e+01
2.725035438590616081e+02,1.589954959853291427e+01
2.736409661483358491e+02,-4.591796265962686530e-01
2.748109478791512288e+02,1.290097373600486641e+01
2.754996340365615310e+02,1.349727508757808714e+01
2.762229814968748087e+02,1.435771638792483351e+01
2.770523987997820541e+02,1.605328484591239402e+01
2.781394562957735843e+02,-9.856825196662830635e-01
2.793073624641861556e+02,1.426620262002868245e+01
2.801182957169156680e+02,1.582044101970165961e+01
2.813522223206604735e+02,-7.521718137478582145e-02
2.826142070410724045e+02,1.121791840934989359e+01
2.832524242109872148e+02,1.145247458813205910e+01
2.838953123142882760e+02,1.170615947480481012e+01
2.845437895404587607e+02,1.200010213388796565e+01
2.851997743360092841e+02,1.234833399377956020e+01
2.858663705272434186e+02,1.277418997116696531e+01
2.865491983545895209e+02,1.332122346369745891e+01
2.872606002765430731e+02,1.408799890124294052e+01
2.880427329701527697e+02,1.541467465128161507e+01
2.895930560118247286e+02,1.522292038945573012e+01
2.911311655251109869e+02,1.437118706695450854e+01
2.919639285289154600e+02,1.609355059926201292e+01
2.930422190100564421e+02,-1.106561068454972707e+00
2.942162989886772948e+02,1.455614094805540937e+01
2.951055052983011251e+02,1.669450069850178409e+01
2.961058933826053590e+02,-2.564122832058467250e+00
2.968547079388342809e+02,-1.255902964937868793e+00
2.980398131809999995e+02,1.491950127555223382e+01
2.996300275604850754e+02,1.272286231091894138e+01
3.003108082305590187e+02,1.325997317908675655e+01
3.010184301892557528e+02,1.399729398789778756e+01
3.017887368202988796e+02,1.523021704285882549e+01
3.033268416483180090e+02,1.440213683452124904e+01
3.041670829214127707e+02,1.618129251070022434e+01
3.052290474873269659e+02,-1.354792774993099469e+00
3.064238806675127762e+02,1.516828645413786170e+01
3.079632780762232755e+02,1.412196094549254788e+01
3.087504547867752080e+02,1.549011184123457774e+01
3.103134806411591740e+02,1.557477544027591421e+01
3.118986267892620390e+02,1.600692478739301805e+01
3.129972168392186518e+02,-8.399752087697024416e-01
3.141607039842070890e+02,1.391382995579590443e+01
3.149214885876423295e+02,1.507307447266689060e+01
3.164692861606163774e+02,1.365667428109838788e+01
3.172052956283841922e+02,1.461968223290198310e+01
3.181243270184040171e+02,1.696338617827601425e+01
3.191030884954025169e+02,-3.101366702016159049e+00
3.198134990138042895e+02,-2.149291564190689563e+00
3.206332354292251807e+02,-3.771684416333008771e-01
3.218097619624354593e+02,1.264266102880270104e+01
3.224872592594580851e+02,1.315543143520629599e+01
3.231888168419755516e+02,1.384571444023668718e+01
3.239421705505055797e+02,1.494388637048008484e+01
3.255216558955659707e+02,1.289676626312344432e+01
3.262101447473435769e+02,1.349158081573583345e+01
3.269330779987067217e+02,1.434876137320120293e+01
3.277604985533282616e+02,1.602902887340473370e+01
3.288533750306831394e+02,-9.102717496279608689e-01
3.300185840704241969e+02,1.408473341615537144e+01
3.308004707197760013e+02,1.541113290126242141e+01
3.323503229475949183e+02,1.520684879073632345e+01
3.338885796919424251e+02,1.429866531797616247e+01
3.347057613813889247e+02,1.590135274419092504e+01
3.358423356288242871e+02,-4.657544621712621513e-01
3.370119042779446659e+02,1.292072361027297234e+01
3.377015238573656575e+02,1.352406505569552309e+01
3.384268475099947295e+02,1.440007446850934869e+01
3.392662974807114438e+02,1.617205523773831288e+01
3.403298391072529512e+02,-1.329506579276904965e+00
3.415219780658422337e+02,1.510380649550794097e+01
3.430660455198937484e+02,1.381399186596752671e+01
3.438163972279520522e+02,1.489049027044065276e+01
3.454242686177453265e+02,1.247734700221084303e+01
3.460954759916229477e+02,1.294392035172477229e+01
3.467860574268947289e+02,1.354984947345913682e+01
3.475133271057235902e+02,1.444120622811854204e+01
3.483635993308545835e+02,1.629467599940481293e+01
3.494081854275456180e+02,-1.651895587000212995e+00
3.506500044714275077e+02,1.600845800423832443e+01
3.517481807731060712e+02,-8.449407611157275788e-01
3.529117641126160265e+02,1.392598073345109988e+01
3.536739025190458392e+02,1.509596448713836736e+01
3.552188619202013342e+02,1.377267608841360769e+01
3.559652206957075009e+02,1.481753338797097008e+01
3.576763884518217083e+02,1.152580812491973461e+01
3.583207733646285647e+02,1.180247078683365558e+01
3.589715803495545288e+02,1.211322096286429328e+01
3.596307897570829937e+02,1.248491603663677196e+01
3.603021527334452685e+02,1.294604868057933622e+01
3.609928369194438460e+02,1.355276187649072561e+01
3.617203291980782751e+02,1.444587522276365199e+01
3.625719079343534759e+02,1.630911286853566011e+01
3.636144994966685999e+02,-1.688163390741326486e+00
3.648649700321093974e+02,1.612833413209265743e+01
3.659363816817223665e+02,-1.207492710694487492e+00
3.671174707722522612e+02,1.480056081912702126e+01
3.689158229321583349e+02,1.102545930824847176e+01
3.695506523875735070e+02,1.123702883058962598e+01
3.701893587752766166e+02,1.146051263159154132e+01
3.708324125286956132e+02,1.171538929665966577e+01
3.714811078261561761e+02,1.201090392309698807e+01
3.721373919771286864e+02,1.236130975862860915e+01
3.728044250847121361e+02,1.279038831972878398e+01
3.734879570549127266e+02,1.334274472475337348e+01
3.742007301069515961e+02,1.412022831592893013e+01
3.749874436808006521e+02,1.548311534225545216e+01
3.765490563285862322e+02,1.554118783122644132e+01
3.781242309367823964e+02,1.582970245584523283e+01
3.793279423950492060e+02,-1.364064987587613464e-01
3.805540501607884494e+02,1.163508039286823426e+01
3.812008707612721423e+02,1.192850667837983814e+01
3.818549153615096543e+02,1.226266918050675692e+01
3.825187065554318906e+02,1.266788768645387542e+01
3.831970856383472892e+02,1.318141494171403849e+01
3.839001073886172435e+02,1.388302823330372426e+01
3.846573568111945747e+02,1.501217618714845159e+01
3.862160476352113960e+02,1.332640831640270918e+01
3.869279433885335493e+02,1.410045337937694754e+01
3.877118205090941956e+02,1.544092684102238344e+01
3.892659644080994781e+02,1.534310133830838474e+01
3.908086924839744825e+02,1.490413680125857177e+01
3.924073306171484319e+02,1.260041776488594678e+01
3.930831615283071869e+02,1.310089279583604416e+01
3.937817330087516439e+02,1.376812193645601390e+01
3.945274795646651000e+02,1.480583543015099757e+01
3.962903500195530455e+02,1.120804824085560014e+01
3.969283851808365284e+02,1.144136777443829978e+01
3.975710455824346354e+02,1.169341171257770817e+01
3.982192233941136124e+02,1.198519635058407751e+01
3.988747979874768248e+02,1.233045058147820860e+01
3.995407972903918221e+02,1.275190757006401299e+01
4.002226681276854947e+02,1.329171526013081106e+01
4.009322268789885015e+02,1.404411567863276922e+01
4.017084546453297662e+02,1.532402083265770720e+01
4.032497600242120939e+02,1.481822639173243772e+01
4.049565925373011623e+02,1.155584309311525359e+01
4.056016332408933067e+02,1.183701075538246350e+01
4.062533056513085512e+02,1.215401176981315245e+01
4.069137280502949920e+02,1.253456003534803642e+01
4.075869197280079561e+02,1.300929512567222801e+01
4.082807253761925494e+02,1.363988959271991064e+01
4.090151552429553590e+02,1.458784405943210416e+01
4.099179028628468586e+02,1.682017201491441227e+01
4.109076123890145027e+02,-2.821068722445577048e+00
4.116353455673185522e+02,-1.702724936780212861e+00
4.128895598747793088e+02,1.617808749401179114e+01
4.139520538608508673e+02,-1.346271669440998631e+00
4.151459621629507524e+02,1.514648080917953621e+01
4.166865271381180378e+02,1.401987682424225135e+01
4.174598430799315452e+02,1.527847267853825208e+01
4.189988368560685217e+02,1.461695227511048856e+01
4.199168421120060657e+02,1.695464820520063043e+01
4.208962388037092524e+02,-3.084608033583084552e+00
4.216075722114429141e+02,-2.123522136533905424e+00
4.224383538572965904e+02,-3.065245388171313201e-01
4.236231801212836103e+02,1.239722306078576963e+01
4.242915505338056619e+02,1.284315526039270594e+01
4.249774270524275721e+02,1.341327320309213711e+01
4.256948608646611660e+02,1.422724361070576826e+01
4.264985589208242800e+02,1.572365945488708761e+01
4.281672310181904209e+02,1.701323356780978813e+01
4.291424425423255116e+02,-3.196202215013326686e+00
4.298478475516083108e+02,-2.293202472981580531e+00
4.306314344770619869e+02,-7.191871974528536438e-01
4.317938251281814246e+02,1.361290130261628306e+01
4.325262223875221252e+02,1.454741937065363722e+01
4.334115335438096395e+02,1.665709766623113808e+01
4.344153268523396605e+02,-2.485391469199047076e+00
4.351722977769599652e+02,-1.108866855156236619e+00
4.363465147568263660e+02,1.456164917634053069e+01
4.372380110122775250e+02,1.671620529915602305e+01
4.382364736542490391e+02,-2.609312689199177804e+00
4.389810487060029800e+02,-1.337843064227801637e+00
4.401740541009712615e+02,1.512493728925219649e+01
4.417161748923489881e+02,1.391707210930914052e+01
4.424773188078348767e+02,1.507916695798848572e+01
4.440243026606231638e+02,1.368790836108256315e+01
4.447629829843639300e+02,1.467201091575396710e+01
4.457164982641915003e+02,1.724093795951951336e+01
4.466769410593785778e+02,-3.613774765623788188e+00
4.473637727830277413e+02,-2.894353203189226509e+00
4.480865396385403869e+02,-1.822823334735595990e+00
4.493804926937295363e+02,1.664232243492255492e+01
4.503856599187981828e+02,-2.454049717487599924e+00
4.511462101514202914e+02,-1.048621565168422087e+00
4.523170380837286189e+02,1.441703662138195163e+01
4.531610912831735050e+02,1.622496504417962626e+01
4.542159611256691960e+02,-1.471995244538424785e+00
4.554254783156364965e+02,1.547794711852402294e+01
4.569861338302180798e+02,1.551785929657842544e+01
4.585553760128224781e+02,1.571184987618965323e+01
4.602131222985635191e+02,1.691015477070553885e+01
4.611958155346342210e+02,-2.998638820805335392e+00
4.619120846539166791e+02,-1.989605954533159693e+00
4.633381127580208840e+02,1.769977927512365312e+01
4.642744144013833534e+02,-4.393968545984697549e+00
4.649362557058992138e+02,-3.918241010791719603e+00
4.656121426983901301e+02,-3.306337313105628173e+00
4.663121465541062207e+02,-2.456414242401087744e+00
4.670724203423312133e+02,-1.053098134605195302e+00
4.682434800116840847e+02,1.442776728664770580e+01
4.690903722147188546e+02,1.625704429540309803e+01
4.701403665775745253e+02,-1.555805885326749349e+00
4.713631142477673848e+02,1.571431405210121568e+01
4.730230621579231638e+02,1.693139773414651472e+01
4.740041675838722313e+02,-3.039838737267424928e+00
4.747180277698493001e+02,-2.054152663161334047e+00
4.756219374949267831e+02,-7.279198469309866582e-02
4.768859880506802256e+02,1.119763814554546855e+01
4.775238322447195856e+02,1.142966043145625044e+01
4.781662541049557831e+02,1.167998503485016393e+01
4.788141187675475976e+02,1.196951302283385843e+01
4.794692653468518415e+02,1.231166194518134205e+01
4.801346440568512435e+02,1.272854953423922453e+01
4.808155258946860044e+02,1.326090008384095675e+01
4.815232037385038097e+02,1.399865532590025552e+01
4.822936774072488788e+02,1.523290468660705699e+01
4.838317889748590801e+02,1.441418573138668613e+01
4.846751013802992247e+02,1.621653217054839402e+01
4.857312977207432709e+02,-1.449653350213691461e+00
4.869377075413623288e+02,1.541730628032876105e+01
4.884884280884198233e+02,1.523627771799641550e+01
4.900265562589405590e+02,1.443107410492581799e+01
4.908743399744599287e+02,1.626704059677026493e+01
4.919228666898844153e+02,-1.581557036860552268e+00
4.931502581842496511e+02,1.579032317438117161e+01
4.949445224363649913e+02,1.790588439681881638e+01
4.958718750551187213e+02,-4.723872758964006380e+00
4.965256424078955888e+02,-4.324545180475964479e+00
4.971893340996852544e+02,-3.830833267614329074e+00
4.978681820343890081e+02,-3.189900571716453470e+00
4.985739060524022079e+02,-2.283603138782305031e+00
4.993592323892108880e+02,-6.981749470691850368e-01
5.005216899636954508e+02,1.355923213448671305e+01
5.012498526596051533e+02,1.446041901252293371e+01
5.021056149389765437e+02,1.635482887577505906e+01
5.031421531744151707e+02,-1.800987723894773573e+00
5.044274042032967031e+02,1.654914406602341614e+01
5.054417088301849503e+02,-2.251648471950401742e+00
5.062332843419389974e+02,-6.268687105865017317e-01
5.073965978629421443e+02,1.337315027018349056e+01
5.081115152820198091e+02,1.417068460264943042e+01
5.089058681616727426e+02,1.559378834172566819e+01
5.104974638807508995e+02,1.611080983343121531e+01
5.115722581591209632e+02,-1.157191868101949517e+00
5.127496318116587872e+02,1.467826789195482817e+01
5.137088973373131466e+02,1.728415474844623390e+01
5.146667739365043417e+02,-3.690457545116494931e+00
5.153506777818687397e+02,-2.999957857562546959e+00
5.160668664822297842e+02,-1.991558697596919725e+00
5.174963655574009636e+02,1.772113770539003497e+01
5.184316915133479142e+02,-4.428672683388103160e+00
5.190926258976976442e+02,-3.961597175601203613e+00
5.197670927260916187e+02,-3.363577795815360538e+00
5.204644467753613526e+02,-2.539845091615345662e+00
5.212156635869655474e+02,-1.211065663928854619e+00
5.223970299315236616e+02,1.480925095303489947e+01
5.241375731919199552e+02,1.133675560260436832e+01
5.247780558173850523e+02,1.158672846581463567e+01
5.254238067202182947e+02,1.186103256721773391e+01
5.260760906023758707e+02,1.218245189041439680e+01
5.267373751081098590e+02,1.256930179379776291e+01
5.274118788292659019e+02,1.305381980056941060e+01
5.281079634816169346e+02,1.370190737765000755e+01
5.288476878674557611e+02,1.469181851338328570e+01
5.298182434055606791e+02,1.736653130972462478e+01
5.307714137603459221e+02,-3.834597557798908873e+00
5.314501367818891140e+02,-3.195115830239425581e+00
5.321555943785548379e+02,-2.291437480963218309e+00
5.329394967998225638e+02,-7.153380045477291116e-01
5.341018937027039328e+02,1.360310476966429682e+01
5.348335024938181732e+02,1.453141080402759755e+01
5.357126750621905558e+02,1.659711066870258023e+01
5.367221774329104846e+02,-2.356725976293761349e+00
5.374954966218184609e+02,-8.539950154908655389e-01
5.386592628344174045e+02,1.394807437691778063e+01
5.394239142649414589e+02,1.513799105788733890e+01
5.409650769139274189e+02,1.397743757080626992e+01
5.417331759893638718e+02,1.519469289507604337e+01
5.432716818702194814e+02,1.424148595695394448e+01
5.440781110078133906e+02,1.576065724652798927e+01
5.457952076936553567e+02,1.741131615273514655e+01
5.467459158934095740e+02,-3.911908939497928284e+00
5.474220186710534790e+02,-3.298125789465541580e+00
5.481224110114438872e+02,-2.444366132000413749e+00
5.488841136656724302e+02,-1.029683360095771993e+00
5.500539963083878092e+02,1.437164993793046364e+01
5.508868670937058596e+02,1.609483514143446214e+01
5.519648935081901300e+02,-1.110337091095105810e+00
5.531392042234424480e+02,1.456522441538294466e+01
5.540322156205278361e+02,1.673046485756229984e+01
5.550294326460534649e+02,-2.638809540019643851e+00
5.557713854768163628e+02,-1.390465355437012773e+00
5.569702808714272351e+02,1.526044124663235912e+01
5.585087609445948829e+02,1.453871361795697936e+01
5.593910517539621878e+02,1.662781258571802567e+01
5.603975924287047974e+02,-2.422958969689300357e+00
5.611619215911474612e+02,-9.877676300266611253e-01
5.623299117255032797e+02,1.427117198650588570e+01
5.631417760868093865e+02,1.583264505598631366e+01
5.643396972186598077e+02,-1.525824857581571659e-01
5.655594720669704429e+02,1.172538821473635018e+01
5.662084127440020893e+02,1.203347894036209986e+01
5.668653282754595466e+02,1.238847386987478671e+01
5.675332866220472852e+02,1.282438394446480778e+01
5.682183200419965488e+02,1.338810791365661501e+01
5.689340605406249551e+02,1.418880710660898892e+01
5.697313112143745002e+02,1.563468838667311722e+01
5.713397478942705447e+02,1.635296053777771519e+01
5.723765184273786417e+02,-1.796580746508393167e+00
5.736601095965010018e+02,1.653089721767761944e+01
5.746763036700660905e+02,-2.211079045095510676e+00
5.754771431042667018e+02,-5.324038971480734572e-01
5.766432895528623703e+02,1.311450258132489388e+01
5.773427530677780624e+02,1.379268423160842261e+01
5.780908397917279444e+02,1.484899002115925093e+01
5.797385092844766632e+02,1.203896162988575824e+01
5.803956454432586725e+02,1.240442785214070653e+01
5.810641539794240771e+02,1.284440569704669066e+01
5.817500870056726399e+02,1.341495191044270818e+01
5.824676350097671502e+02,1.422981788019955651e+01
5.832717804913376085e+02,1.572973277040129325e+01
5.849467773407009190e+02,1.707036961417355414e+01
5.859180698867654655e+02,-3.303283459659163590e+00
5.866182211738629348e+02,-2.452075757620815644e+00
5.873790055096201286e+02,-1.044685513020674694e+00
5.885496323120378293e+02,1.440760256484324309e+01
5.893912549631477305e+02,1.619719910469359903e+01
5.904505690228724006e+02,-1.397918384156527472e+00
5.916503615218859977e+02,1.527996615277103665e+01
5.931894207260662597e+02,1.462522132474189185e+01
5.941120795257387499e+02,1.699421345825312812e+01
5.950886314108228135e+02,-3.160157649771244692e+00
5.957958971027844655e+02,-2.238878574491612206e+00
5.965902108434756883e+02,-5.975278460227898547e-01
5.977541810387313035e+02,1.329449391171962702e+01
5.984640760484186330e+02,1.405302353297099138e+01
5.992414733057357807e+02,1.534219921215403026e+01
6.007841033294930639e+02,1.489862621998832459e+01
6.023861229509907389e+02,1.255410496153622191e+01
6.030601745540627689e+02,1.304149579237923540e+01
6.037556214438754978e+02,1.368468371105327819e+01
6.044938434844698349e+02,1.466268178407540113e+01
6.054402571823047765e+02,1.718643641965996594e+01
6.064040374278456511e+02,-3.515964399587490519e+00
6.070947955960417630e+02,-2.757696694706719409e+00
6.078271350309805712e+02,-1.596341422154286205e+00
6.090573268641481945e+02,1.583473592376600081e+01
6.102511061547716054e+02,-1.652323732321751837e-01
6.114664791585291823e+02,1.179217443318316327e+01
6.121170533624845120e+02,1.211161277549984128e+01
6.127762155154290440e+02,1.248296431803949069e+01
6.134475076812499310e+02,1.294357101932453169e+01
6.141380722484308308e+02,1.354937090330161276e+01
6.148653054042193844e+02,1.444043946504675446e+01
6.157153647021577854e+02,1.629231586431233225e+01
6.167602809217089543e+02,-1.645935995668659002e+00
6.180007652168251298e+02,1.598929184563451322e+01
6.191043020077629535e+02,-7.821154583626840351e-01
6.202669606725116864e+02,1.377110792735069289e+01
6.210131712959218930e+02,1.481479174466336346e+01
6.227337135269501687e+02,1.146280572162756783e+01
6.233767554821773729e+02,1.173026137723023332e+01
6.240258044465949752e+02,1.202832733132496656e+01
6.246825752032112860e+02,1.238226878141859366e+01
6.253503209255317188e+02,1.281660807590702511e+01
6.260350080526212651e+02,1.337770814538846587e+01
6.267500587473240330e+02,1.417300589420703005e+01
6.275447779967830684e+02,1.559899140384939642e+01
6.291382892135675320e+02,1.614032280586385681e+01
6.302074642342508923e+02,-1.241460010504913170e+00
6.313913268557439551e+02,1.488389254160242103e+01
6.330035471365764579e+02,1.242273365323723944e+01
6.336728066786447471e+02,1.287512151543986860e+01
6.343601425073725295e+02,1.345632309870775956e+01
6.350805551256396484e+02,1.429367872978924758e+01
6.358965096772504921e+02,1.588553292762413882e+01
6.370417734751329135e+02,-4.018457260465020942e-01
6.382160349120694036e+02,1.272295682606431377e+01
6.388968195474376444e+02,1.326009718524475289e+01
6.396044489822365904e+02,1.399747614969679965e+01
6.403747779476495907e+02,1.523057654565742425e+01
6.419128833802790268e+02,1.440374924676591029e+01
6.427535301667556951e+02,1.618597155659525910e+01
6.438147066897045079e+02,-1.367532543769609088e+00
6.450109557125418860e+02,1.520104143868526592e+01
6.465493121010032382e+02,1.427231628387234785e+01
6.473613921251641159e+02,1.583546430127880811e+01
6.485541838358991527e+02,-1.683904222491327818e-01
6.497685233554549313e+02,1.180838076639171952e+01
6.504195026595335776e+02,1.213063991096754179e+01
6.510792267131042763e+02,1.250609036521982631e+01
6.517513631467226105e+02,1.297297155213954944e+01
6.524433599269768820e+02,1.358971570702304099e+01
6.531737275242568330e+02,1.450553682497405994e+01
6.540437167349048195e+02,1.650470118353863924e+01
6.550626912315423169e+02,-2.152162231908284262e+00
6.558813415609278081e+02,-3.848875565287764866e-01
6.570571284825550720e+02,1.266803785165125440e+01
6.577356474020942869e+02,1.318836575943647915e+01
6.584390655465768987e+02,1.389304987441922812e+01
6.591973898399061227e+02,1.503074470245118555e+01
6.607521684396426735e+02,1.343107882014026799e+01
6.614709907362835111e+02,1.425906203322509924e+01
6.622803681767135231e+02,1.579981140051664390e+01
6.641234134795090540e+02,1.815669084161615743e+01
6.650411654113049735e+02,-5.111843706829645839e+00
6.656868268683834913e+02,-4.787773799244562589e+00
6.663391521703741773e+02,-4.401601991618172782e+00
6.670007845587339261e+02,-3.927580521462937568e+00
6.676763629802070454e+02,-3.318695834078158935e+00
6.683757861853367785e+02,-2.474508818853144554e+00
6.691339767981735349e+02,-1.087961217340408959e+00
6.703069510160853497e+02,1.451140454870989238e+01
6.711792896492579530e+02,1.652871600625138981e+01
6.721957163016570576e+02,-2.206115137370352475e+00
6.729978205680760084e+02,-5.205024991699325199e-01
6.741644823289490205e+02,1.308068270301872893e+01
6.748621323883696732e+02,1.374499985627321053e+01
6.756057299311742099e+02,1.476564734515346267e+01
6.766989464658100815e+02,1.809370390711644916e+01
6.776189855599270686e+02,-5.015672786463955646e+00
6.782665302200961150e+02,-4.674242922968509184e+00
6.789214277378054021e+02,-4.263985140208172098e+00
6.795867901992776297e+02,-3.754235241581994398e+00
6.802683469308966551e+02,-3.086662289922593505e+00
6.809795642090091405e+02,-2.126557878444170768e+00
6.818088886124078272e+02,-3.150958279124799200e-01
6.829925406758485451e+02,1.242843445975652372e+01
6.836620006915713930e+02,1.288227960508692149e+01
6.843496674485703579e+02,1.346599764084022688e+01
6.850707642702005842e+02,1.430873132625763766e+01
6.858897220682786156e+02,1.592383018311606335e+01
6.870159554650566633e+02,-5.519556890490779910e-01
6.881813393854664582e+02,1.316942239614979471e+01
6.888838417786543005e+02,1.387090954665516662e+01
6.896398078681728521e+02,1.498985314773588051e+01
6.912040466268937280e+02,1.319472214773934304e+01
6.919079898169753733e+02,1.390728923635871972e+01
6.926678630896911955e+02,1.505730057522116994e+01
6.942179785689385199e+02,1.357446690010073276e+01
6.949473224937652276e+02,1.448494353539459745e+01
6.958105645484032493e+02,1.643467482356554399e+01
6.968373599230442323e+02,-1.991360661726113257e+00
6.982665737561181913e+02,1.771936673145345509e+01
6.992019801709019475e+02,-4.425799887000451349e+00
6.998629890855837630e+02,-3.958014007598758432e+00
7.005375721053758298e+02,-3.358859697198651961e+00
7.012351408148223300e+02,-2.533004137244684539e+00
7.019870515980289838e+02,-1.198367327320115416e+00
7.031674284951765230e+02,1.477824261271556949e+01
7.043222565806687498e+02,1.836807011622734365e+01
7.052329011130584604e+02,-5.429013997669774660e+00
7.058728840706049823e+02,-5.156917681539646914e+00
7.065176764936061318e+02,-4.840446561003108883e+00
7.071688512981187387e+02,-4.464999557560421550e+00
7.078288430382604020e+02,-4.006602296352234305e+00
7.085018681411261241e+02,-3.422649473171720302e+00
7.091965889757022978e+02,-2.624969053575061828e+00
7.099397587297032715e+02,-1.365745404771777860e+00
7.111358013289469682e+02,1.519638062002429812e+01
7.126742558148494027e+02,1.425110839565942733e+01
7.134824139086747437e+02,1.578375410629652364e+01
7.152527204312352751e+02,1.776686187401559280e+01
7.161859963126482853e+02,-4.502551484061228848e+00
7.168450470441628113e+02,-4.053390490800657275e+00
7.175166071346122862e+02,-3.483700026210872824e+00
7.182087072683261795e+02,-2.711958696096997024e+00
7.189445808701889291e+02,-1.518181687678116676e+00
7.201610514256798297e+02,1.560623138114270070e+01
7.217574178050642786e+02,1.618329108040671116e+01
7.228190306713330529e+02,-1.360468476347030053e+00
7.240144896764975329e+02,1.518285592817153073e+01
7.255533217322522432e+02,1.418923394083961043e+01
7.263508619484568953e+02,1.563888514928878593e+01
7.279612892199282896e+02,1.637931031411685368e+01
7.289947286912270101e+02,-1.860354553691248247e+00
7.303060198737819064e+02,1.681636043005793724e+01
7.312960357388318471e+02,-2.813478633554332475e+00
7.320243044221045920e+02,-1.690114642474519480e+00
7.332752572209210484e+02,1.613485452904376771e+01
7.343454449550575873e+02,-1.226010359973801034e+00
7.355280187511345957e+02,1.484590405973650817e+01
7.371789750284007141e+02,1.200775082679807682e+01
7.378352328294203062e+02,1.236701412600331196e+01
7.385024590533655555e+02,1.279751858416768329e+01
7.391863032635405943e+02,1.335223702411495061e+01
7.398996884605847981e+02,1.413450520686757450e+01
7.406885030671624008e+02,1.551397629332755912e+01
7.422567662674192661e+02,1.569127286535515431e+01
7.438981094180189757e+02,1.674356088088391559e+01
7.448941934512927219e+02,-2.665820528415225876e+00
7.456338351997982272e+02,-1.438094714082901904e+00
7.468386925920702879e+02,1.538620456906748046e+01
7.483855510094825831e+02,1.509595025191944551e+01
7.499304562532544196e+02,1.377501925424613560e+01
7.506770368524573769e+02,1.482163365562338342e+01
7.523760542298684868e+02,1.161161792728813147e+01
7.530223401452873304e+02,1.190135675074596655e+01
7.536756685253127444e+02,1.223033322318561744e+01
7.543384356928904708e+02,1.262803950397065655e+01
7.550152205494657665e+02,1.312961266589548970e+01
7.557153500550800800e+02,1.380886071702646056e+01
7.564650115139065747e+02,1.487768105510682481e+01
7.580826723480920464e+02,1.235720177474432369e+01
7.587496736681382572e+02,1.279321782697495102e+01
7.594333293909070335e+02,1.334651081007944384e+01
7.601463447654427910e+02,1.412588813441264968e+01
7.609338857890570580e+02,1.549530839240925317e+01
7.624979960662553822e+02,1.559987982992405797e+01
7.640919268678164826e+02,1.614672112893033074e+01
7.651599322886725076e+02,-1.259446604063684694e+00
7.663453543659342131e+02,1.492831814478515540e+01
7.679313027013748751e+02,1.278929026142777481e+01
7.686149283390147957e+02,1.334760978272733567e+01
7.693280145746242624e+02,1.412754123822994679e+01
7.701157986234112514e+02,1.549887985945401780e+01
7.716806718303088246e+02,1.561721496584510582e+01
7.732814789341742880e+02,1.624783395686525367e+01
7.743328354234728295e+02,-1.532121307154709511e+00
7.755515690246362510e+02,1.564592733040475991e+01
7.771655752342657024e+02,1.642566446222873822e+01
7.781934168839958375e+02,-1.970391839482587226e+00
7.795908291948895794e+02,1.751361759406910679e+01
7.805361522687629758e+02,-4.085878632132941668e+00
7.812067213166369584e+02,-3.526068899439821269e+00
7.818970592237208166e+02,-2.771768263729532666e+00
7.826283479880054301e+02,-1.620134480103994079e+00
7.838632981497612491e+02,1.590777773538373729e+01
7.849966468861470048e+02,-4.914313700312485933e-01
7.861647385982432752e+02,1.299670456250463602e+01
7.868580647861748503e+02,1.362810203537573805e+01
7.875915232455723753e+02,1.456836761586242091e+01
7.884854870434653549e+02,1.673933649837507431e+01
7.894819366582198654e+02,-2.657085781812755343e+00
7.902223167808224389e+02,-1.422749050508634205e+00
7.914251830914282664e+02,1.534532255810993462e+01
7.929680909288823614e+02,1.491397176810289338e+01
7.945611809506254986e+02,1.267984272934321943e+01
7.952401804960021536e+02,1.320373114144785198e+01
7.959444820424657792e+02,1.391526251657836433e+01
7.967052340378249937e+02,1.507226032076641964e+01
7.982531436961716054e+02,1.365247931765029499e+01
7.989888005032801175e+02,1.461270369770466360e+01
7.999040261735794957e+02,1.693065904318491732e+01
8.008851875736523880e+02,-3.038379338343441649e+00
8.015991316844158519e+02,-2.051878071377891466e+00
8.025109812942383769e+02,-6.202664555383723827e-02
8.037852381019800987e+02,1.110219624201378608e+01
8.044213782774355650e+02,1.132265324979649712e+01
8.050616883551650744e+02,1.155773978329964358e+01
8.057068034971282486e+02,1.182746397048563836e+01
8.063582350857498113e+02,1.214272371355730584e+01
8.070183190662287416e+02,1.252080043665479003e+01
8.076909985243664778e+02,1.299172162238954442e+01
8.083839235051592595e+02,1.361556907551685214e+01
8.091163607503756339e+02,1.454775445564475334e+01
8.100018045194702836e+02,1.665837827633626844e+01
8.110054793521208012e+02,-2.488105497503835473e+00
8.117621501762647540e+02,-1.114034890056320615e+00
8.129366855028741838e+02,1.457408461532909705e+01
8.138335546449727644e+02,1.676641260525204657e+01
8.148276969798225764e+02,-2.712515123437453379e+00
8.155635270840124349e+02,-1.519253188236486807e+00
8.167801683402931303e+02,1.560926164134613892e+01
8.183777300735441713e+02,1.620092788381800020e+01
8.194364209168904836e+02,-1.408171557923096895e+00
8.206374643666376869e+02,1.530687196190818078e+01
8.221777501043223992e+02,1.474407203698363666e+01
8.232182932167382887e+02,1.781523721476999711e+01
8.241494561629917825e+02,-4.580113224983509035e+00
8.248065957168078057e+02,-4.149050085808593025e+00
8.254752629514696309e+02,-3.607421632919663779e+00
8.261623385704176599e+02,-2.885387820735007658e+00
8.268856938509471775e+02,-1.808261099626667701e+00
8.281737383502029388e+02,1.657953772742821030e+01
8.291849716732324396e+02,-2.318523627608255921e+00
8.299642255206633763e+02,-7.738446861158823076e-01
8.311268082868438114e+02,1.375048732508651206e+01
8.318710930008174955e+02,1.477892027439155065e+01
8.330255929263578309e+02,1.836672220768971897e+01
8.339362800980841257e+02,-5.427017066432970438e+00
8.345762963872261935e+02,-5.154616944927775002e+00
8.352211321064953609e+02,-4.837748525714189007e+00
8.358723651997004254e+02,-4.461758873133581105e+00
8.365324396631458512e+02,-4.002575193448211444e+00
8.372055924559936102e+02,-3.417377739299600758e+00
8.379005442892645306e+02,-2.617411238799935536e+00
8.386443885561623119e+02,-1.352246549714878565e+00
8.398389382732601689e+02,1.516170875749109470e+01
8.413786464554190161e+02,1.409135498947093446e+01
8.421614529842024695e+02,1.542502070216974985e+01
8.437132111808450645e+02,1.527005137291094172e+01
8.452519435703183035e+02,1.458133279368989044e+01
8.461520841853626962e+02,1.679649985652616451e+01
8.471437220593595612e+02,-2.773508762969760344e+00
8.478748829729418048e+02,-1.623184486110662128e+00
8.491104656377347055e+02,1.591727770298966149e+01
8.502394598609419063e+02,-5.278295676919025903e-01
8.514058014963832193e+02,1.310155933253067317e+01
8.521045658999890975e+02,1.377439212463408680e+01
8.528509041454414046e+02,1.481680591828034643e+01
8.545644487470863169e+02,1.150958030459382897e+01
8.552084835559602425e+02,1.178384037211088398e+01
8.558588303943497522e+02,1.209126889871189547e+01
8.565173982473054366e+02,1.245828763716584575e+01
8.571878020461424512e+02,1.291230093829201309e+01
8.578768736311607199e+02,1.350671338766470164e+01
8.586009120995876174e+02,1.437259603814308484e+01
8.594337390429523111e+02,1.609422252225221683e+01
8.605118912861722720e+02,-1.108536818801555635e+00
8.616860916995035495e+02,1.456089333221146909e+01
8.625772705806903105e+02,1.671320819265208257e+01
8.635759969613352496e+02,-2.603093763630690116e+00
8.643211388647023341e+02,-1.326663884099438917e+00
8.655129792603864871e+02,1.509654794734201211e+01
8.670578184970268012e+02,1.377799757779370005e+01
8.678046818344619169e+02,1.482685172759773273e+01
8.694906499352180163e+02,1.170952112466327044e+01
8.701392108442014433e+02,1.201497984238586803e+01
8.707956084210959489e+02,1.236621077052741668e+01
8.714628073992674899e+02,1.279651331753437482e+01
8.721466075028328078e+02,1.335089803928650731e+01
8.728599060731214649e+02,1.413248899311945195e+01
8.736484211782156990e+02,1.550959702517963379e+01
8.752156728105530874e+02,1.566965409921395391e+01
8.768427668009483114e+02,1.658510711613450539e+01
8.778534472333770964e+02,-2.330685646307455450e+00
8.786307404112305903e+02,-7.996273700355254199e-01
8.797935899201348775e+02,1.381451835015647411e+01
8.805439936556239218e+02,1.489142919258437914e+01
8.821512084557302842e+02,1.248576531031914882e+01
8.828227215826043448e+02,1.295457066707598592e+01
8.835138187204609039e+02,1.356443833986656955e+01
8.842422092567567233e+02,1.446464213706325808e+01
8.850992200608546909e+02,1.636832330924175949e+01
8.861340419695361561e+02,-1.833734390895290556e+00
8.874327130407316417e+02,1.669110071421284758e+01
8.884334034666740081e+02,-2.557071588197124434e+00
8.891829060988184210e+02,-1.242964624869969947e+00
8.903668923111207505e+02,1.488755474047399829e+01
8.919764016983396004e+02,1.245651548360321748e+01
8.926468588511870621e+02,1.291761826112123934e+01
8.933361821612631957e+02,1.351394962789821186e+01
8.940607542442251088e+02,1.438403594218031323e+01
8.948962849055438937e+02,1.612626112948654367e+01
8.959681073827583759e+02,-1.201316428194554975e+00
8.971487155474161455e+02,1.478547958599113521e+01
8.983701889869962542e+02,1.861397480139575222e+01
8.992736071808402585e+02,-5.788343720708136075e+00
8.999080533545533171e+02,-5.566661250952413376e+00
9.005457918838715159e+02,-5.314550164463557991e+00
9.011877191414187109e+02,-5.024298838400113709e+00
9.018350794530597341e+02,-4.684201447211031599e+00
9.024897461555460723e+02,-4.276111059429338113e+00
9.031547702908393376e+02,-3.769613206038920694e+00
9.038357742778750890e+02,-3.107482074171988629e+00
9.045458485981004060e+02,-2.158539125486917953e+00
9.053622122344452237e+02,-4.015022339853021038e-01
9.065365018503512147e+02,1.272184032535949250e+01
9.072172396599588637e+02,1.325863250639806168e+01
9.079247808348839044e+02,1.399532490905205684e+01
9.086948463786908405e+02,1.522633361066424129e+01
9.102329505367594038e+02,1.438470429721514243e+01
9.110689104245606131e+02,1.613140055308037546e+01
9.121397617457818114e+02,-1.215951102240026005e+00
9.133215209918440678e+02,1.482124814363305987e+01
9.150197049706027883e+02,1.161766103001413697e+01
9.156661279793246422e+02,1.190834490857131023e+01
9.163196397010690362e+02,1.223864853314930201e+01
9.169826684273273258e+02,1.263827249774336714e+01
9.176598590088123046e+02,1.314288524157180937e+01
9.183607193416852397e+02,1.382777821921072281e+01
9.191122574972536086e+02,1.491151614691997374e+01
9.207070212752970519e+02,1.265544676841788529e+01
9.213850313410215449e+02,1.317200857014124971e+01
9.220875198725749442e+02,1.386949384841442345e+01
9.228433371836712240e+02,1.498725428773061807e+01
9.244082896200704909e+02,1.317891726523071050e+01
9.251113296382236513e+02,1.388453660161241210e+01
9.258687400597025317e+02,1.501496489765651710e+01
9.274268053864223020e+02,1.334238919972998616e+01
9.281397217637467065e+02,1.412436074788346296e+01
9.289270388009736052e+02,1.549201284281867075e+01
9.304904578692779751e+02,1.558394310280414174e+01
9.320786655323668128e+02,1.605715573357457515e+01
9.331648108417148251e+02,-9.978511425878118235e-01
9.343332343954018597e+02,1.429538743083705832e+01
9.351497668146982960e+02,1.589305187112945994e+01
9.362907198317535631e+02,-4.326038749487803869e-01
9.374625273460170547e+02,1.281981455876795550e+01
9.381475004850993855e+02,1.338821636465043596e+01
9.388632482216138442e+02,1.418897252211651505e+01
9.396605257472742778e+02,1.563506468534364124e+01
9.412691386344630473e+02,1.635531009651252887e+01
9.423056074499926353e+02,-1.802305086832038494e+00
9.435913608118322600e+02,1.655463491868873760e+01
9.446051036792373452e+02,-2.263794018171407796e+00
9.453942112112652012e+02,-6.542909736923077091e-01
9.465570761594157148e+02,1.344549956805219182e+01
9.472768995951498709e+02,1.428130521365407368e+01
9.480904523105454018e+02,1.585452783976733038e+01
9.492590463849996922e+02,-2.652120588288356395e-01
9.504503469276651231e+02,1.223995304571605303e+01
9.511135104639142810e+02,1.264833294503277017e+01
9.517911024029345981e+02,1.315595498838908206e+01
9.524926892032290198e+02,1.384646356870671902e+01
9.532461195268565461e+02,1.494524464614291404e+01
9.548250613139176721e+02,1.290622147575127698e+01
9.555139943178310205e+02,1.350438358823554985e+01
9.562378617035274146e+02,1.436891901669115867e+01
9.570698350689757490e+02,1.608403046306871786e+01
9.581501106414556261e+02,-1.078427838683663431e+00
9.593225453221758698e+02,1.448855499533804725e+01
9.601872606000239330e+02,1.645018870451274395e+01
9.612122697781185252e+02,-2.027452481145438856e+00
9.627531243099166431e+02,1.829335190641415920e+01
9.636661836173374240e+02,-5.317838417454956002e+00
9.643080677255701403e+02,-5.028394182743058494e+00
9.649553465020246676e+02,-4.689049048938098707e+00
9.656099012163454063e+02,-4.282009836601839758e+00
9.662747614615944940e+02,-3.777086523966646237e+00
9.669554984724971973e+02,-3.117582793741094260e+00
9.676650249258582335e+02,-2.173996820353876647e+00
9.684762596413919482e+02,-4.411949743918340827e-01
9.696474471352440787e+02,1.284627590040190981e+01
9.703336097028457061e+02,1.342359645096777321e+01
9.710517482415167478e+02,1.424309519792475065e+01
9.718582345033056527e+02,1.576129829830634677e+01
9.735764549039125768e+02,1.741960294221802386e+01
9.745267147263632523e+02,-3.926134297522175576e+00
9.752023466395564810e+02,-3.316960403372510857e+00
9.759018510925375267e+02,-2.471970670100456235e+00
9.766603295554286888e+02,-1.083092280834220489e+00
9.778330246053362771e+02,1.449971422196263937e+01
9.787013899490999620e+02,1.648807926887489472e+01
9.797221663907315587e+02,-2.114472955613644345e+00
9.805575950147599542e+02,-2.806286583938764623e-01
9.817463087035122271e+02,1.230005487034590317e+01
9.824114080051757583e+02,1.272234453678227339e+01
9.830920295358741896e+02,1.325273468946625144e+01
9.837992162828979872e+02,1.398667028090037689e+01
9.845682294175867355e+02,1.520932123033972516e+01
9.861064583817948233e+02,1.430798391870209763e+01
9.869255096167037209e+02,1.592511961533413256e+01
9.880512038751766113e+02,-5.567625205170125824e-01
9.892164150227754362e+02,1.318280040850466150e+01
9.899196759829477514e+02,1.389011868435845720e+01
9.906776846139703139e+02,1.502530366934006345e+01
9.922335496415091711e+02,1.340081869053980057e+01
9.929503093045764217e+02,1.421270555995861429e+01
9.937515183431513606e+02,1.568963725552894140e+01
9.953915467191656035e+02,1.672951278437605538e+01
9.963888441699930354e+02,-2.636899076739619208e+00
9.971309636326566306e+02,-1.387076729144120391e+00
9.983294586132551558e+02,1.525161421623910840e+01
9.998677630698424537e+02,1.449948136880865590e+01
1.000736050861911394e+03,1.648727983923939888e+01
1.001756914786497873e+03,-2.112652997327063797e+00
1.002593346771001393e+03,-2.753048716961347675e-01
1.003782928773879917e+03,1.227949957239709633e+01
1.004447358717553698e+03,1.269697254361680550e+01
1.005126926131334699e+03,1.321942928416275009e+01
1.005832140547633799e+03,1.393804230321782001e+01
1.006595449697540062e+03,1.511536925404408116e+01
1.008138443102361293e+03,1.386839788551173491e+01
1.008894333563879627e+03,1.498881858074100926e+01
1.010458854603489726e+03,1.318844335353035291e+01
1.011162437746986825e+03,1.389823985346372481e+01
1.011921323637238515e+03,1.504040031424287882e+01
1.013474288266493318e+03,1.348400537883461325e+01
1.014196844671254667e+03,1.434119590181115278e+01
1.015022609213440205e+03,1.600875119533003144e+01
1.016120738088049279e+03,-8.455133072516844983e-01
1.017284332770440187e+03,1.392738088180337108e+01
1.018046628446914610e+03,1.509861216727436961e+01
1.019591296802433021e+03,1.378586885727501254e+01
1.020338911642738367e+03,1.484067681453579901e+01
1.021998637973162545e+03,1.192752119167349356e+01
1.022652704158966685e+03,1.227136396844672639e+01
1.023316773906018852e+03,1.267862885110157833e+01
1.023995589376221915e+03,1.319543322718624445e+01
1.024699412603175688e+03,1.390325604597102505e+01
1.025458844503667478e+03,1.504975783992605187e+01
1.027010182506315005e+03,1.353441754133728381e+01
1.027736455108549990e+03,1.442075357034060090e+01
1.028581198499090533e+03,1.623271936914430569e+01
1.029634865606886024e+03,-1.492423013197198056e+00
1.030847368150317379e+03,1.553418968910457387e+01
1.032420684798739103e+03,1.579394735520011928e+01
1.034230988577022572e+03,1.799282070948021683e+01
1.035154861593391161e+03,-4.859912398660799937e+00
1.035805628910420410e+03,-4.488604061849938986e+00
1.036465021758086095e+03,-4.035895881609874891e+00
1.037137125671530612e+03,-3.460914937880347431e+00
1.037830192368859571e+03,-2.679606491242902511e+00
1.038568685058677374e+03,-1.462095624232907287e+00
1.039776799246206792e+03,1.545090606532514421e+01
1.041332602943759412e+03,1.539070004166064365e+01
1.042879972277475190e+03,1.511611040522523908e+01
1.044422853468439371e+03,1.387430564567208258e+01
1.045179365911338664e+03,1.499966002437928481e+01
1.046741043643208286e+03,1.325343744215735597e+01
1.047448435534077362e+03,1.399260051510658975e+01
1.048218168536590383e+03,1.522096864017043849e+01
1.049756289495759574e+03,1.436057438644709805e+01
1.050586612996012491e+03,1.606431672045030012e+01
1.051671167332587629e+03,-1.019306399114664696e+00
1.052840559132978569e+03,1.434681650407933517e+01
1.053667807195077330e+03,1.602701974673593099e+01
1.054761187124548542e+03,-9.039284188721091740e-01
1.055926209234080034e+03,1.406939737143747493e+01
1.056705998690787965e+03,1.537922209357767400e+01
1.058252060779240765e+03,1.506325554897531660e+01
1.059801186828546406e+03,1.360838031928145142e+01
1.060533219335571175e+03,1.454002432881070384e+01
1.061415647591791185e+03,1.662909927715941194e+01
1.062422065996664287e+03,-2.425717061484956805e+00
1.063186049851035705e+03,-9.932125574407705271e-01
1.064354270393018169e+03,1.428423135901592822e+01
1.065168624646824128e+03,1.586502523619451388e+01
1.066327981539516486e+03,-3.136013457855949538e-01
1.067511835888344422e+03,1.242303794534440087e+01
1.068181106114557679e+03,1.287550345878843672e+01
1.068868459562257840e+03,1.345683898982265703e+01
1.069588908525840679e+03,1.429448024801935446e+01
1.070405020704220306e+03,1.588755591515766774e+01
1.071549088667951082e+03,-4.101945125458952845e-01
1.072722645320146285e+03,1.274958105753674431e+01
1.073404556189868799e+03,1.329510447539556495e+01
1.074114324535326659e+03,1.404913867686238405e+01
1.074891209986693184e+03,1.533425763036156475e+01
1.076433232688398448e+03,1.486348049156620732e+01
1.078063328597830832e+03,1.221720391275248474e+01
1.078725776127078461e+03,1.262045437464444930e+01
1.079402261872617601e+03,1.311978850148552134e+01
1.080101854857039143e+03,1.379489528011336041e+01
1.080850155209869399e+03,1.485289848985719097e+01
1.082492821940069007e+03,1.208765556148997256e+01
1.083151358343781794e+03,1.246303708097561724e+01
1.083821932144559469e+03,1.291831217745827232e+01
1.084511288353401596e+03,1.351489385035808510e+01
1.085235930311579523e+03,1.438553072113487907e+01
1.086071819766820227e+03,1.613048506784551606e+01
1.087142843247354676e+03,-1.213349031485886798e+00
1.088324394904689825e+03,1.481487981644962915e+01
1.090042132030954008e+03,1.148135633896113639e+01
1.090685564880056518e+03,1.175148936806145272e+01
1.091335123587194630e+03,1.205323144596720475e+01
1.091992597984651866e+03,1.241228944938207590e+01
1.092661379482580287e+03,1.285428550407906201e+01
1.093347760693799955e+03,1.342823367993734252e+01
1.094066217722322790e+03,1.425023140784276166e+01
1.094873985622255532e+03,1.577843493830632049e+01
1.096629001898247679e+03,1.767181035542300194e+01
1.097566598982725054e+03,-4.348331620887743831e+00
1.098229655082574254e+03,-3.860988325618206485e+00
1.098907466319339846e+03,-3.230231112565371099e+00
1.099611155874314591e+03,-2.343951831477455450e+00
1.100386391204342999e+03,-8.273575094264167262e-01
1.101549649077044251e+03,1.388286377556641682e+01
1.102307070021140817e+03,1.501542485255773229e+01
1.103865033516071890e+03,1.334501589632790264e+01
1.104578118872871300e+03,1.412830053876852254e+01
1.105366014766512308e+03,1.550052205677869921e+01
1.106931243679137424e+03,1.562520875416034016e+01
1.108535479905391867e+03,1.629593499512737509e+01
1.109579880945958394e+03,-1.655240837244767116e+00
1.110822459384327885e+03,1.601927862841337813e+01
1.111917783248319893e+03,-8.797042521128386472e-01
1.113082148819869644e+03,1.401069029742401639e+01
1.113854310857901282e+03,1.526014575561362108e+01
1.115392776861330276e+03,1.453568908921016778e+01
1.116273915046101138e+03,1.661652738807631380e+01
1.117281534420122853e+03,-2.398708165468736553e+00
1.118048992274575767e+03,-9.394799811874646744e-01
1.119215139220421179e+03,1.415515179624832243e+01
1.120007290504062667e+03,1.556247699878562152e+01
1.121588495999163570e+03,1.593956054264756617e+01
1.122708420870786313e+03,-6.101816013681736761e-01
1.123872086635199139e+03,1.332860344531574093e+01
1.124584121828309662e+03,1.410373098347440468e+01
1.125368463335945762e+03,1.544787588984380378e+01
1.126923720221597705e+03,1.537526588301281727e+01
1.128469400019974273e+03,1.504703890391523124e+01
1.130021107452161459e+03,1.352262739565930971e+01
1.130746496356048738e+03,1.440202611810574140e+01
1.131586434019569651e+03,1.617770072218158006e+01
1.132649008396490899e+03,-1.344982146537741841e+00
1.133842778253170991e+03,1.514318785053044358e+01
1.135383554405187851e+03,1.400429718544712010e+01
1.136154921626413397e+03,1.524745537269248885e+01
1.137693158076657710e+03,1.447921424732652618e+01
1.138554917929635167e+03,1.641910770396015096e+01
1.139583538538030325e+03,-1.954863543219321986e+00
1.140962842033925199e+03,1.738570494440476821e+01
1.141914950049733534e+03,-3.867789919592662606e+00
1.142592535239881727e+03,-3.239477573268931820e+00
1.143295766544453727e+03,-2.357712711835858066e+00
1.144068943200629519e+03,-8.559289680082282636e-01
1.145232750693613980e+03,1.395279372261978246e+01
1.145997947776311776e+03,1.514703792664098359e+01
1.147538507935405278e+03,1.402037503082277681e+01
1.148311886859246442e+03,1.527946971645498486e+01
1.149850915969030211e+03,1.462136551874772294e+01
1.150771377524575655e+03,1.697561315255373060e+01
1.151749256808003111e+03,-3.124746483513100248e+00
1.152458399776800434e+03,-2.185067769524738690e+00
1.153266284796646232e+03,-4.689540987245163772e-01
1.154435656112349761e+03,1.293027305491670020e+01
1.155125731366454374e+03,1.353705505258555064e+01
1.155852029914271498e+03,1.442075104107011896e+01
1.156696772623818333e+03,1.623271164650720877e+01
1.157750440921598738e+03,-1.492402721866346926e+00
1.158962940428258889e+03,1.553413342339124092e+01
1.160536242419033897e+03,1.579366132883213325e+01
1.162345173477183380e+03,1.798556087904229628e+01
1.163269330725631562e+03,-4.848617944340626096e+00
1.163920340359010197e+03,-4.475053896365442263e+00
1.164580076219548801e+03,-4.019088289841235451e+00
1.165252707041943268e+03,-3.438977105828664449e+00
1.165946717249838002e+03,-2.648329880271657277e+00
1.166687845788402456e+03,-1.407201587120638697e+00
1.167888763869500735e+03,1.530426225117789052e+01
1.169428908871309204e+03,1.473255229770786734e+01
1.170449364685354794e+03,1.769652071048879449e+01
1.171385816279572055e+03,-4.388660242533629408e+00
1.172047797579122062e+03,-3.911595630295622517e+00
1.172723905027243291e+03,-3.297534258914474048e+00
1.173424325435672472e+03,-2.443497425820837954e+00
1.174186132469449603e+03,-1.027988671355360539e+00
1.175355933276540100e+03,1.436758884086758492e+01
1.176187862408617548e+03,1.608359238600188235e+01
1.177268230543656728e+03,-1.077126903416167902e+00
1.178440592262256359e+03,1.448543292214440825e+01
1.179304309899273676e+03,1.643973746973181349e+01
1.180330518849729742e+03,-2.003168900347353620e+00
1.181783917502335498e+03,1.786164903646629654e+01
1.182713105701482846e+03,-4.653971361807454521e+00
1.183368485895832237e+03,-4.239497142529333296e+00
1.184034537491724905e+03,-3.723116424537162406e+00
1.184717226919167615e+03,-3.044383698687726625e+00
1.185430824209073762e+03,-2.061104188941354831e+00
1.186317536187166070e+03,-1.027593007591957042e-01
1.187560290301065606e+03,1.142432711134412493e+01
1.188202533279379168e+03,1.168631643559876743e+01
1.188850545326548627e+03,1.197690801394322690e+01
1.189505893266782550e+03,1.232051763592715865e+01
1.190171563657006800e+03,1.273955231274060296e+01
1.190852909571665350e+03,1.327540072551209427e+01
1.191561467029957157e+03,1.402000174558469681e+01
1.192334599219067286e+03,1.527535344073807977e+01
1.193873486859785089e+03,1.460314094553194231e+01
1.194784177473458612e+03,1.689112075949968883e+01
1.195768316139097124e+03,-2.961464224351300967e+00
1.196486832749890027e+03,-1.930753465249675616e+00
1.197843499475991621e+03,1.721325185670866986e+01
1.198805622765655244e+03,-3.564259203782157659e+00
1.199494414156387620e+03,-2.825455922262917863e+00
1.200221838499177238e+03,-1.709882711796879784e+00
1.201477963893362130e+03,1.620299322468042291e+01
1.202536318816979019e+03,-1.413716881788606106e+00
1.203738050903675230e+03,1.532148505592670240e+01
1.205279211596099685e+03,1.480858248214616779e+01
1.207022971250280534e+03,1.131747454249827989e+01
1.207663076836410255e+03,1.156487817573308163e+01
1.208308347611000045e+03,1.183572480033846297e+01
1.208959987506838161e+03,1.215248952758897794e+01
1.209620364144972427e+03,1.253270352068029503e+01
1.210293486468207448e+03,1.300692203706632810e+01
1.210987172580358902e+03,1.363660028088509790e+01
1.211721330292052244e+03,1.458240022741032149e+01
1.212621543361980684e+03,1.679711365544409674e+01
1.213613130774635920e+03,-2.774746658149212397e+00
1.214344200224431688e+03,-1.625270884691573992e+00
1.215580218636481504e+03,1.592379499627734063e+01
1.216706409811210733e+03,-5.523288992838258915e-01
1.217871780107579298e+03,1.317046273150931235e+01
1.218574341227470995e+03,1.387240112595549313e+01
1.219330464315110248e+03,1.499259310071598783e+01
1.220893966875052001e+03,1.321127133965426559e+01
1.221598867009651485e+03,1.393120785454616772e+01
1.222361401592213497e+03,1.510237766218243038e+01
1.223905668688566720e+03,1.380455698679352849e+01
1.224655093029193267e+03,1.487370452806651500e+01
1.226276152483727401e+03,1.231764889690365194e+01
1.226941830864999247e+03,1.274411146986117593e+01
1.227623370023005009e+03,1.328141765570279631e+01
1.228332295318524757e+03,1.402888306862479340e+01
1.229106555938369183e+03,1.529318765458058671e+01
1.230646140433878827e+03,1.468202966155985578e+01
1.231608604475949733e+03,1.730781669292574776e+01
1.232565104904590953e+03,-3.732127040118393690e+00
1.233247469330347485e+03,-3.056811040875643037e+00
1.233960358603317445e+03,-2.080415879573530358e+00
1.234820474357411285e+03,-1.739869329660838071e-01
1.236033040137498119e+03,1.183666464334217849e+01
1.236684734769071156e+03,1.216391134293971632e+01
1.237345455719487518e+03,1.254664200230572213e+01
1.238019100614714262e+03,1.302475417552703085e+01
1.238713689691814579e+03,1.366135672529647316e+01
1.239449916660938470e+03,1.462354366504673031e+01
1.240371118626129373e+03,1.698185521626232841e+01
1.241348550494847132e+03,-3.136650850417727288e+00
1.242057056752415065e+03,-2.203207535329599676e+00
1.242859925004119077e+03,-5.133834546792452880e-01
1.244026913837567690e+03,1.306029994088910406e+01
1.244723491417343439e+03,1.371643336384367906e+01
1.245464502806540395e+03,1.471655441552716503e+01
1.246461631608874313e+03,1.754883747205744271e+01
1.247405173793741596e+03,-4.144969838264981554e+00
1.248073968553236227e+03,-3.602365613078031270e+00
1.248761242461523352e+03,-2.878371694466472341e+00
1.249485061775391159e+03,-1.796837652836600796e+00
1.250768733120931756e+03,1.653182346365833411e+01
1.251784830429620342e+03,-2.213146235839722031e+00
1.252585152805431790e+03,-5.373361018473754580e-01
1.253751096963766486e+03,1.312842758966003132e+01
1.254451319780226868e+03,1.381242407883198453e+01
1.255201331821773920e+03,1.488403107269878412e+01
1.256813935526613477e+03,1.241805463054590675e+01
1.257483031015823371e+03,1.286925043002529101e+01
1.258170096559275635e+03,1.344839752390782905e+01
1.258889952773411778e+03,1.428138144190162784e+01
1.259703520092763711e+03,1.585471737948827986e+01
1.260871929739626921e+03,-2.661104039072262339e-01
1.262063073514489361e+03,1.224350648923839202e+01
1.262726349708793578e+03,1.265269423313162278e+01
1.263404116396606241e+03,1.316162679419619508e+01
1.264106020585787974e+03,1.385459014379553366e+01
1.264860286154489131e+03,1.496001219136534033e+01
1.266433725606672169e+03,1.300618024864198929e+01
1.267127527386046040e+03,1.364118877916551575e+01
1.267862064992231808e+03,1.458999642782347728e+01
1.268765832883286976e+03,1.682939410533534641e+01
1.269754800891741752e+03,-2.839497370921224118e+00
1.270481251182880669e+03,-1.733214860269030488e+00
1.271743932723330545e+03,1.628617317415542587e+01
1.272789703882221374e+03,-1.630558179268827734e+00
1.274026847209685229e+03,1.594046690726993276e+01
1.275146431285022118e+03,-6.134514441121143857e-01
1.276310023659372973e+03,1.333737050587641981e+01
1.277022618142505053e+03,1.411684129235686314e+01
1.277808839933423315e+03,1.547584433332897902e+01
1.279369039200097404e+03,1.550652709829874176e+01
1.280935655093747982e+03,1.565588176237608131e+01
1.282554875177958365e+03,1.649097506979058281e+01
1.283575330455049425e+03,-2.121161955171865454e+00
1.284407263593678636e+03,-2.999287588979227537e-01
1.285593029930253124e+03,1.237289570306936426e+01
1.286260564419707407e+03,1.281276989736900696e+01
1.286945081261258565e+03,1.337258067777621662e+01
1.287659793964966866e+03,1.416523286730071973e+01
1.288453291753445228e+03,1.558160808721763324e+01
1.290040624389469940e+03,1.604296398720915917e+01
1.291130075701739315e+03,-9.541915599525304659e-01
1.292296749096866279e+03,1.419057871110428160e+01
1.293094508201778808e+03,1.564194645490065660e+01
1.294706423570052721e+03,1.639873797071111383e+01
1.295737477985500391e+03,-1.906796769329337282e+00
1.297076106758790502e+03,1.706443406331064949e+01
1.298047799326721588e+03,-3.292235522070618980e+00
1.298748474826638585e+03,-2.435850458992500744e+00
1.299511208796890287e+03,-1.013032875960303558e+00
1.300680306896874299e+03,1.433174745495333902e+01
1.301504292801845168e+03,1.598690726391214056e+01
1.302608562936894032e+03,-7.737766573918783974e-01
1.303771147471571339e+03,1.375034275234998127e+01
1.304515418826761106e+03,1.477866994572280035e+01
1.305668297035367232e+03,1.836011685801363669e+01
1.306579193645831992e+03,-5.417226679973234482e+00
1.307219373777476221e+03,-5.143333037139290909e+00
1.307864422472091974e+03,-4.824509790656667185e+00
1.308515942576228326e+03,-4.445847049427325004e+00
1.309176424981342279e+03,-3.982783082390167095e+00
1.309850209077107820e+03,-3.391428643947691501e+00
1.310546309247240060e+03,-2.580099182806198321e+00
1.311293592386817181e+03,-1.284953624211524703e+00
1.312481333697473929e+03,1.499167776197034030e+01
1.314044929466838767e+03,1.320910613485541951e+01
1.314749703738674953e+03,1.392807291522056801e+01
1.315511885159605299e+03,1.509643518614504920e+01
1.317056792279412548e+03,1.377502456783853724e+01
1.317803373382171912e+03,1.482164295869135273e+01
1.319502365323857703e+03,1.161180277214512202e+01
1.320148655426273081e+03,1.190157045478829723e+01
1.320801989402750905e+03,1.223058743402835269e+01
1.321464764548489484e+03,1.262835219750395233e+01
1.322141561765796041e+03,1.313001793549484475e+01
1.322841713484634738e+03,1.380943749680736943e+01
1.323591431596831399e+03,1.487870811920836189e+01
1.325208244825568727e+03,1.236723011803811723e+01
1.325875586290914271e+03,1.280570701900263941e+01
1.326559790835315880e+03,1.336315312599857208e+01
1.327273885688566679e+03,1.415097101430741589e+01
1.328065181619675286e+03,1.555000632012937523e+01
1.329642729105353510e+03,1.587398808929202509e+01
1.330795319762894451e+03,-3.536852048013121586e-01
1.331974283298807677e+03,1.256386902342071643e+01
1.332648705978973794e+03,1.305398475292783189e+01
1.333344799219234346e+03,1.370213874407262189e+01
1.334084543959319717e+03,1.469221131860809493e+01
1.335055469416719461e+03,1.736917957222817321e+01
1.336008492344585420e+03,-3.839189010564086235e+00
1.336687056793239435e+03,-3.201264757857699816e+00
1.337392201563702201e+03,-2.300662619701542511e+00
1.338174475561557074e+03,-7.353876394118489257e-01
1.339336868912201453e+03,1.365396954496447712e+01
1.340072650838455274e+03,1.461518145468038377e+01
1.340989211021249503e+03,1.694218554526128528e+01
1.341969520659722775e+03,-3.060632167745938492e+00
1.342682195907843834e+03,-2.086469039443720863e+00
1.343536685508130859e+03,-1.942236933503302676e-01
1.344743403300907858e+03,1.193483590032746733e+01
1.345397665435790486e+03,1.228005412120230666e+01
1.346062014943827990e+03,1.268937421108454267e+01
1.346741269851668221e+03,1.320948073853737981e+01
1.347445904512148672e+03,1.392359531225442382e+01
1.348207583806381990e+03,1.508796553931227535e+01
1.349753468203139846e+03,1.373254675522583312e+01
1.350496110107082586e+03,1.474797694167317452e+01
1.351542970742420039e+03,1.785104048025359091e+01
1.352472605887513055e+03,-4.637135468008867001e+00
1.353128382055537941e+03,-4.218933644193120003e+00
1.353795018509023748e+03,-3.696918390976491775e+00
1.354478676552169873e+03,-3.008634315953623517e+00
1.355194351522502302e+03,-2.005204824047474688e+00
1.356652534224658666e+03,1.788850047000634191e+01
1.357580602864762341e+03,-4.696458606565420801e+00
1.358234996813241423e+03,-4.291253422942062024e+00
1.358899601143884638e+03,-3.788787745951700092e+00
1.359579922279396897e+03,-3.133375441363663416e+00
1.360288600614105917e+03,-2.198090558772126446e+00
1.361092830839104636e+03,-5.009742776544328091e-01
1.362260424619462356e+03,1.302448556603659569e+01
1.362955153835398050e+03,1.366654304332027259e+01
1.363691820521269165e+03,1.463221403367611728e+01
1.364618077595390105e+03,1.702432459250874786e+01
1.365592517117064745e+03,-3.217094460939686762e+00
1.366296865767555346e+03,-2.324489021583651560e+00
1.367075152131907089e+03,-7.864183871217126365e-01
1.368237851219441154e+03,1.378177650983169222e+01
1.368985074571390896e+03,1.483348276994587067e+01
1.370657250456414431e+03,1.182026598826476693e+01
1.371308529051701271e+03,1.214461088812695344e+01
1.371968669472700185e+03,1.252310074651739313e+01
1.372641434273615914e+03,1.299465717545158228e+01
1.373334505638359587e+03,1.361962560773735831e+01
1.374067272115217520e+03,1.455441554009182425e+01
1.374955389937259724e+03,1.668406534411783326e+01
1.375956716765269675e+03,-2.542267657933923619e+00
1.376707689221540477e+03,-1.215659969715837230e+00
1.377889420952776845e+03,1.482049149306272540e+01
1.379589678328296031e+03,1.160260904598785636e+01
1.380235760666193300e+03,1.189094502309879786e+01
1.380888817168773585e+03,1.221795394914932231e+01
1.381551197196302155e+03,1.261282319419183473e+01
1.382227383364839625e+03,1.310991451981993272e+01
1.382926440854997963e+03,1.378089036665681810e+01
1.383673396384001080e+03,1.482820796741050096e+01
1.385356321527940963e+03,1.173327996502726478e+01
1.386005452265126905e+03,1.204268877679942307e+01
1.386662627625199320e+03,1.239957285540188003e+01
1.387330968187759709e+03,1.283830788358284458e+01
1.388016626009067522e+03,1.340676616571902713e+01
1.388733618661348601e+03,1.421727741797652733e+01
1.389535603603581876e+03,1.570028629403036469e+01
1.391183577673406489e+03,1.681275552397872630e+01
1.392173885722035493e+03,-2.806251269383951641e+00
1.392902668284345054e+03,-1.678077980965939853e+00
1.394150626293192090e+03,1.609431330390424719e+01
1.395228739346631301e+03,-1.109095519403970442e+00
1.396402973933728163e+03,1.456223736886483522e+01
1.397294717873360696e+03,1.671854183467855393e+01
1.398292975374083426e+03,-2.614156293479068527e+00
1.399037112400233582e+03,-1.346529201437828949e+00
1.400231043189952061e+03,1.514708570457959702e+01
1.401771570390751549e+03,1.402273376037376806e+01
1.402545248067991452e+03,1.528419453919998361e+01
1.404084453893359068e+03,1.464227084072475549e+01
1.405017462144578985e+03,1.707992302169851939e+01
1.405988114920988892e+03,-3.321009015703181966e+00
1.406687433251861421e+03,-2.478031363451281166e+00
1.407445226657977628e+03,-1.094707212394095297e+00
1.408618594056496022e+03,1.452760844715094102e+01
1.409496716826358806e+03,1.658676890702272644e+01
1.410507236466262839e+03,-2.334229645042856127e+00
1.411283971463268927e+03,-8.070921953680096905e-01
1.412446918637321915e+03,1.383296684734145998e+01
1.413199164383133166e+03,1.492448179694230070e+01
1.414787218718085796e+03,1.275613303204949922e+01
1.415469409604760131e+03,1.330374336997888385e+01
1.416179714626894565e+03,1.406196154038024737e+01
1.416958299895221217e+03,1.536055080492555014e+01
1.418502505800267272e+03,1.498003466202031042e+01
1.420069354327127485e+03,1.313794482316455436e+01
1.420770100427330362e+03,1.382595195244861053e+01
1.421521455735628706e+03,1.490823648283284264e+01
1.423118065863006223e+03,1.262897436496404957e+01
1.423795018623355645e+03,1.313772255750424556e+01
1.424495593875772329e+03,1.382041340720149414e+01
1.425246396828396200e+03,1.489830696093604345e+01
1.426849022018857340e+03,1.254600631489764417e+01
1.427522767455946678e+03,1.303115043781391513e+01
1.428217683116610033e+03,1.367025961333195738e+01
1.428954666232704767e+03,1.463843781335955896e+01
1.429884718725812490e+03,1.705572018205745266e+01
1.430857002261144999e+03,-3.275963078712944121e+00
1.431558457074648231e+03,-2.411884525699910409e+00
1.432324195641826691e+03,-9.657044888817346573e-01
1.433491299034013309e+03,1.421821445263937278e+01
1.434293668960499417e+03,1.570568781949056181e+01
1.435945989994434740e+03,1.685672425997812951e+01
1.436932790028234422e+03,-2.893830192937585810e+00
1.437655592608121879e+03,-1.822094817569978931e+00
1.438949240532139584e+03,1.663912576941731913e+01
1.439954708077299529e+03,-2.447230919610953848e+00
1.440716066485518240e+03,-1.035371562921163502e+00
1.441886227108630692e+03,1.438528110567493279e+01
1.442722325739487587e+03,1.613303157051602810e+01
1.443792871228221884e+03,-1.220581780510794134e+00
1.444975003059376832e+03,1.483259087444680624e+01
1.446647575857272841e+03,1.181693759312187453e+01
1.447298770448689993e+03,1.214069692319456806e+01
1.447958793899364082e+03,1.251833273712069428e+01
1.448631381933231069e+03,1.298857350655744192e+01
1.449324150251993160e+03,1.361122149318899410e+01
1.450056236012587533e+03,1.454062669383301021e+01
1.450938895970185740e+03,1.663136081823927981e+01
1.451945099821229178e+03,-2.430561419573203708e+00
1.452708482100465744e+03,-1.002753679697022671e+00
1.453877117463259310e+03,1.430710828728191686e+01
1.454695991506225482e+03,1.592287558996301833e+01
1.455822627328210046e+03,-5.483882363970881135e-01
1.456988143273695869e+03,1.315946387704756226e+01
1.457690085734284366e+03,1.385665023575960930e+01
1.458444564260357993e+03,1.496376568184837907e+01
1.460016715031826834e+03,1.303081829706152561e+01
1.460711767789515534e+03,1.367533702650098704e+01
1.461449185063140249e+03,1.464695613344200709e+01
1.462384681347455853e+03,1.710003345354418158e+01
1.463353999218563331e+03,-3.358221669012651400e+00
1.464051600429453856e+03,-2.532221358367789055e+00
1.464803591120585679e+03,-1.196911605584656479e+00
1.465983856491144024e+03,1.477469324254180805e+01
1.467117932731359133e+03,1.828120568174853844e+01
1.468031394523738072e+03,-5.299671254522259289e+00
1.468673598240383626e+03,-5.007306113242473877e+00
1.469321298430677416e+03,-4.664071726517307503e+00
1.469976432742440920e+03,-4.251589070710996232e+00
1.470642143059813179e+03,-3.738493232590887061e+00
1.471324270393801726e+03,-3.065299824050590427e+00
1.472036680125695739e+03,-2.093572281661437273e+00
1.472885439454656080e+03,-2.171228800064531061e-01
1.474086433802847750e+03,1.203916259120646437e+01
1.474743575665214621e+03,1.240466913549034089e+01
1.475412092561010923e+03,1.284470880417445748e+01
1.476098039294988894e+03,1.341535903170285593e+01
1.476815615016741049e+03,1.423044239556074331e+01
1.477619869352538217e+03,1.573120840853342095e+01
1.479296475879055606e+03,1.708463286564253281e+01
1.480266813705776713e+03,-3.329761503382718590e+00
1.480965724363503568e+03,-2.490813274138555133e+00
1.481722098159569441e+03,-1.119077053708979141e+00
1.482896948369660549e+03,1.458622353536323679e+01
1.483799359085291371e+03,1.681716695739350698e+01
1.484789311402942758e+03,-2.815051718381899271e+00
1.485517468751943852e+03,-1.692730742896704665e+00
1.486769087468763246e+03,1.614375795806559211e+01
1.487837632524793207e+03,-1.251128758673049290e+00
1.489022325439770839e+03,1.490774581208692950e+01
1.490618858939831398e+03,1.263002178813292531e+01
1.491295853214649469e+03,1.313907647757025998e+01
1.491996503132020052e+03,1.382234411618889247e+01
1.492747498250286981e+03,1.490176521769181051e+01
1.494347951746762192e+03,1.257540888252609079e+01
1.495022815763888048e+03,1.306876807942523300e+01
1.495719681329640935e+03,1.372286092197661134e+01
1.496461268139823687e+03,1.472754776771700413e+01
1.497473040333216431e+03,1.764280599223360468e+01
1.498412002584868787e+03,-4.300767526024121601e+00
1.499076352307207799e+03,-3.801022012118909998e+00
1.499756241387306090e+03,-3.149858555312409880e+00
1.500464045315763315e+03,-2.223142111154685185e+00
1.501261948913306014e+03,-5.608863607379995786e-01
1.502427014678081605e+03,1.319422214951334560e+01
1.503130929136464601e+03,1.390656810654327913e+01
1.503890723341111425e+03,1.505595077450500341e+01
1.505441051977132929e+03,1.356733671060321633e+01
1.506169841056625273e+03,1.447344896953848270e+01
1.507029507162874324e+03,1.639679901623893699e+01
1.508060803713300402e+03,-1.902052545100670011e+00
1.509396236517706711e+03,1.703691277910830593e+01
1.510369805166123342e+03,-3.240780945055052431e+00
1.511072975075320301e+03,-2.359786708738814909e+00
1.511845848018268498e+03,-8.602095355628358586e-01
1.513009748973274554e+03,1.396323262014479027e+01
1.513776164394097350e+03,1.516713851141770775e+01
1.515315635303683393e+03,1.411458933144998262e+01
1.516101741138032367e+03,1.547429561768753636e+01
1.517661646464857313e+03,1.549917525674604946e+01
1.519226641228793369e+03,1.561997086491162534e+01
1.520828610954299165e+03,1.626430489923588496e+01
1.521877526465870687e+03,-1.574710722171630328e+00
1.523103653371699693e+03,1.576993624188350651e+01
1.524838938716366783e+03,1.754100433341880461e+01
1.525782873767770070e+03,-4.131865041859912324e+00
1.526452057654424607e+03,-3.585491940720888948e+00
1.527139997511274942e+03,-2.854913747452504591e+00
1.527865391516950012e+03,-1.758466539344077928e+00
1.529135799515781173e+03,1.638003354476655815e+01
1.530169149148042607e+03,-1.862092092060577020e+00
1.531481328686800225e+03,1.682490226060456351e+01
1.532470655532133151e+03,-2.830569966158900552e+00
1.533197724270015669e+03,-1.718467005776064038e+00
1.534456201871724261e+03,1.623323093366043324e+01
1.535509778398387425e+03,-1.493966890313482621e+00
1.536722512422393493e+03,1.553847321065319775e+01
1.538296958014914935e+03,1.581578966023254829e+01
1.539563819117474850e+03,-3.877935073320815801e-02
1.540868988996690405e+03,1.085298780739990754e+01
1.541501054634466982e+03,1.104581539143037361e+01
1.542136440173151641e+03,1.124512120799121817e+01
1.542775294965569401e+03,1.146967803790803941e+01
1.543418538468775296e+03,1.172592186432512307e+01
1.544067483943732441e+03,1.202324014906166560e+01
1.544724112144301216e+03,1.237614557452765673e+01
1.545391648789316378e+03,1.280894079662731500e+01
1.546075996132442469e+03,1.336746750304181930e+01
1.546790373160672516e+03,1.415749294653831569e+01
1.547582669791820990e+03,1.556441139322829947e+01
1.549164465492007594e+03,1.594985496881068876e+01
1.550280628376832510e+03,-6.469895812951429459e-01
1.551443599696644469e+03,1.342636024139803297e+01
1.552162096990363125e+03,1.425180539002589342e+01
1.552970149858581863e+03,1.578223130783944583e+01
1.554735811829881413e+03,1.773853807213607325e+01
1.555670351467325418e+03,-4.456853466474822056e+00
1.556330559886448782e+03,-3.996691225284473514e+00
1.557003899707982328e+03,-3.409670344562806044e+00
1.557699190650580704e+03,-2.606348014861062712e+00
1.558444035293434808e+03,-1.332408133071806278e+00
1.559636470687595420e+03,1.511111939928880332e+01
1.561179814987960754e+03,1.384994181641836164e+01
1.561933788919968265e+03,1.495516153367194434e+01
1.563508957113093857e+03,1.297389641880966415e+01
1.564201150891226234e+03,1.359670586532433845e+01
1.564932073264944165e+03,1.451691218104047287e+01
1.565805995753752086e+03,1.654468125436585879e+01
1.566820763386037925e+03,-2.241666951029947619e+00
1.567614461958236461e+03,-6.040549120282762141e-01
1.568778269684746647e+03,1.331211036589015606e+01
1.569489262990111001e+03,1.407915326775040299e+01
1.570270175737147611e+03,1.539617436966371145e+01
1.571818151611736539e+03,1.513928670702096113e+01
1.573359190165170730e+03,1.398577987818135426e+01
1.574128292232314379e+03,1.521098627419779170e+01
1.575666499707121147e+03,1.431552023072736723e+01
1.576487089319621418e+03,1.594452760407374470e+01
1.577605217751785403e+03,-6.275646486446504468e-01
1.578768519899083458e+03,1.337502065864649126e+01
1.579483560570754662e+03,1.417351449858271550e+01
1.580278360295196308e+03,1.560013304212956697e+01
1.581872299760099850e+03,1.614684342408765261e+01
1.582940282983430961e+03,-1.259789453914155644e+00
1.584125735414000019e+03,1.492916716927657461e+01
1.585711292131593382e+03,1.279555589247050129e+01
1.586395192255120264e+03,1.335592727994075801e+01
1.587108816684695967e+03,1.414006625737113865e+01
1.587898462212504910e+03,1.552609149028273805e+01
1.589469649851472468e+03,1.575170284832064915e+01
1.591172636359342732e+03,1.730393425199941149e+01
1.592129360897991774e+03,-3.725315035666250996e+00
1.592811974586760698e+03,-3.047541731804945808e+00
1.593525391275210950e+03,-2.066017469744820367e+00
1.594403418022097640e+03,-1.221641787686296304e-01
1.595635903000152894e+03,1.155015980461907965e+01
1.596280818829932741e+03,1.183046916713904118e+01
1.596932326094562995e+03,1.214627697669163808e+01
1.597592516374357501e+03,1.252512989590371362e+01
1.598265356553989704e+03,1.299724746886520066e+01
1.598958557326974415e+03,1.362320705320242453e+01
1.599691615508012319e+03,1.456030495927262614e+01
1.600582159143941908e+03,1.670714643577052172e+01
1.601581421024899328e+03,-2.590495139732996055e+00
1.602327727024421392e+03,-1.303923172187286816e+00
1.603517285241490754e+03,1.503917667363225164e+01
1.605070374686144760e+03,1.348019172115923503e+01
1.605792656443452188e+03,1.433523121961834157e+01
1.606617134660458760e+03,1.599289837504672640e+01
1.607719664426623922e+03,-7.936708402424907938e-01
1.608882444930926340e+03,1.379979497982697367e+01
1.609631404761639260e+03,1.486526099289704561e+01
1.611260370488132367e+03,1.222944085559140071e+01
1.611923202042808725e+03,1.263544140578643926e+01
1.612600280137670552e+03,1.313921187787067346e+01
1.613300937511380198e+03,1.382253675141734739e+01
1.614051951825104652e+03,1.490211044189815937e+01
1.615652193200077363e+03,1.257831333221955816e+01
1.616327168772883397e+03,1.307249282471674157e+01
1.617024230181261601e+03,1.372809245238025611e+01
1.617766288090632997e+03,1.473651799542922980e+01
1.618791916239929833e+03,1.772778338401294107e+01
1.619726941036215067e+03,-4.439443114231326426e+00
1.620387596864597072e+03,-3.975021574181821560e+00
1.621061630238797534e+03,-3.381234418948447118e+00
1.621758186758980628e+03,-2.565390217195921085e+00
1.622506878721216481e+03,-1.258115759635004993e+00
1.623692178688954073e+03,1.492497667752647317e+01
1.625279700149178780e+03,1.276441275579056622e+01
1.625962246529825734e+03,1.331467403025639307e+01
1.626673235736656579e+03,1.407822898317696669e+01
1.627454021887502222e+03,1.539424782906624500e+01
1.629001769047385324e+03,1.513061953813785188e+01
1.630543438922083396e+03,1.394439584619018113e+01
1.631307667230856396e+03,1.513095663317738371e+01
1.632849348529917052e+03,1.394379836262688777e+01
1.633613508293328096e+03,1.512981548791026398e+01
1.635155277956662985e+03,1.393831943157068309e+01
1.635918811487888661e+03,1.511936951523192896e+01
1.637461446217759885e+03,1.388786718179353663e+01
1.638219402462595326e+03,1.502467464451020973e+01
1.639775396186991202e+03,1.339729935760566626e+01
1.640491919239345179e+03,1.420734155246942620e+01
1.641292225721239447e+03,1.567720014005290530e+01
1.642923874415422915e+03,1.663731204106759165e+01
1.643929512748538855e+03,-2.443358287541624652e+00
1.644691335139371176e+03,-1.027822782824500791e+00
1.645861127960206204e+03,1.436719131328694310e+01
1.646692965396694035e+03,1.608249516440879390e+01
1.647773565850372506e+03,-1.073866018359257657e+00
1.648945745886083614e+03,1.447760825071508783e+01
1.649807006342452041e+03,1.641381974722144932e+01
1.650836254704322755e+03,-1.942400307192308384e+00
1.652203195150693546e+03,1.729334558669191324e+01
1.653160534497255412e+03,-3.706679458605727451e+00
1.653843834856256535e+03,-3.022134240448339781e+00
1.654558717953913856e+03,-2.026375118936954767e+00
1.656093117186567952e+03,1.826534186594709652e+01
1.657007108875388667e+03,-5.275903535886357076e+00
1.657649734595155678e+03,-4.979679446553120670e+00
1.658297992752153959e+03,-4.631289827355746347e+00
1.658953897563094188e+03,-4.211559098676186608e+00
1.659620745146718946e+03,-3.687508214592195799e+00
1.660304754535849497e+03,-2.995757862430991736e+00
1.661021193283707134e+03,-1.984941689875333148e+00
1.662439416055197171e+03,1.765082025580120728e+01
1.663377998800632895e+03,-4.313936524635877845e+00
1.664041987499034121e+03,-3.817655561742442583e+00
1.664721293640328213e+03,-3.172221730359364500e+00
1.665427928372207589e+03,-2.256977374341913922e+00
1.666218411081962131e+03,-6.388383420326976259e-01
1.667381509747776818e+03,1.340486109525532221e+01
1.668098542021917638e+03,1.421887377686789833e+01
1.668900799366232832e+03,1.570401560346398107e+01
1.670551749955561945e+03,1.684297704190892730e+01
1.671539633929040065e+03,-2.866580444968206187e+00
1.672264241652896999e+03,-1.777703492990407641e+00
1.673541045057379961e+03,1.645461222879823637e+01
1.674565545221407547e+03,-2.037805572400653631e+00
1.676209580101463416e+03,1.867553042562180110e+01
1.677111358303476436e+03,-5.876838500688006839e+00
1.677744575004977150e+03,-5.666378801326305670e+00
1.678380782562468994e+03,-5.428183237634620184e+00
1.679020763867243886e+03,-5.155671389454476561e+00
1.679665579736222526e+03,-4.838985070320748427e+00
1.680316786106419613e+03,-4.463244209822147646e+00
1.680976822639350758e+03,-4.004421139106075778e+00
1.681649916869817844e+03,-3.419794539139187961e+00
1.682344762707823747e+03,-2.620877011044887350e+00
1.683088296782459793e+03,-1.358442053034415897e+00
1.684283526123786714e+03,1.517759597374641700e+01
1.685822543015558040e+03,1.416502514411681091e+01
1.686616224867192386e+03,1.558438426020195955e+01
1.688204502968836323e+03,1.605828105922467230e+01
1.689290392268217374e+03,-1.001283875762326359e+00
1.690458965924962740e+03,1.430361780772815017e+01
1.691277136785889525e+03,1.591395261573890707e+01
1.692407679172570624e+03,-5.146608429388949135e-01
1.693574609951108187e+03,1.306398399623830642e+01
1.694271380256249586e+03,1.372158716428201508e+01
1.695012852751453920e+03,1.472536704227071169e+01
1.696021537974547527e+03,1.762336037962666069e+01
1.696961428025613941e+03,-4.268744185952851211e+00
1.697626664955732394e+03,-3.760473813980144797e+00
1.698307996897294743e+03,-3.095114296313480118e+00
1.699018747930944073e+03,-2.139560576823658966e+00
1.699842334043722985e+03,-3.510224041779190229e-01
1.701021591065961502e+03,1.255475722566477614e+01
1.701695667391362349e+03,1.304232953665197492e+01
1.702391157257935902e+03,1.368584754289047822e+01
1.703129480020033270e+03,1.466464412433608722e+01
1.704077345366031750e+03,1.719768415986506582e+01
1.705040427329081012e+03,-3.536253687498671194e+00
1.705730352377694544e+03,-2.786232167594727027e+00
1.706460578054829966e+03,-1.644471672860156941e+00
1.707700728247569032e+03,1.598451456503932278e+01
1.708805670026787084e+03,-7.661888516556901729e-01
1.709968197250264893e+03,1.373139934867152157e+01
1.710710735100359670e+03,1.474600617152428406e+01
1.711753591445662096e+03,1.782841414045440942e+01
1.712684188583944888e+03,-4.601136888015635584e+00
1.713340821431979066e+03,-4.174858510803860945e+00
1.714008730798930628e+03,-3.640558175110721439e+00
1.714694520924595281e+03,-2.931227038631775361e+00
1.715414919173980934e+03,-1.882314079971850518e+00
1.716738106000174412e+03,1.692798399669821663e+01
1.717719464917093319e+03,-3.033235460790163263e+00
1.718433705640327616e+03,-2.043854101786780397e+00
1.719417587921718223e+03,-1.425983412367566074e-02
1.720792187823880340e+03,1.044487401560882489e+01
1.721418612695998263e+03,1.059916397224433204e+01
1.722047507385049357e+03,1.074989577976375088e+01
1.722678407035545206e+03,1.091591618901064820e+01
1.723311729987096442e+03,1.110003654975005638e+01
1.723948021883590172e+03,1.130596538030258102e+01
1.724588013537443430e+03,1.153874862758706854e+01
1.725232717514599017e+03,1.180551189452730476e+01
1.725883600047701748e+03,1.211680616791358744e+01
1.726542914974147607e+03,1.248927077929709384e+01
1.727214436237288510e+03,1.295157929375880457e+01
1.727905388145760980e+03,1.356033710254561164e+01
1.728633462113762107e+03,1.445804167384717331e+01
1.729488528372558449e+03,1.634727657968716485e+01
1.730526040634279298e+03,-1.782552956069663130e+00
1.731804548901798398e+03,1.647400588762168283e+01
1.732826871480680211e+03,-2.082441081396256610e+00
1.733684980493428384e+03,-1.809778556200413724e-01
1.734895431179983461e+03,1.187128271268808888e+01
1.735548015990632393e+03,1.220474789718591069e+01
1.736209985978267923e+03,1.259661504498197004e+01
1.736885540439146325e+03,1.308898172097992862e+01
1.737583474923135100e+03,1.375130236728325173e+01
1.738327653173053932e+03,1.477656054278817344e+01
1.739467888188762799e+03,1.830752620251152862e+01
1.740380481350159243e+03,-5.339004838275854148e+00
1.741021996288802484e+03,-5.052932706098986593e+00
1.741668789545386062e+03,-4.718063920483081652e+00
1.742322678953676814e+03,-4.317263750866661809e+00
1.742986569049350919e+03,-3.821650177953048289e+00
1.743665735956103390e+03,-3.177584318278355635e+00
1.744372093188590043e+03,-2.265065148829072950e+00
1.745160953876443727e+03,-6.570344172857303100e-01
1.746323782371002380e+03,1.345268054941160152e+01
1.747044108817014376e+03,1.429241881182522889e+01
1.747859816116698767e+03,1.588235678590314492e+01
1.749007016150615073e+03,-3.886225006219134470e-01
1.750182456865729137e+03,1.268024340435920827e+01
1.750861472784931493e+03,1.320425317251327613e+01
1.751565804519561880e+03,1.391601864210599260e+01
1.752326640279712819e+03,1.507368243346778414e+01
1.753874354678780719e+03,1.365980335908201404e+01
1.754610628119588227e+03,1.462489514495571541e+01
1.755532601226547285e+03,1.698838271896538998e+01
1.756509567337650651e+03,-3.149077105560520895e+00
1.757217415073248958e+03,-2.222088428163275342e+00
1.758015568704385487e+03,-5.584070697760178392e-01
1.759180720295089714e+03,1.318734777160318927e+01
1.759884240783130508e+03,1.389666225726480420e+01
1.760642955609552018e+03,1.503746252629651359e+01
1.762196457165239053e+03,1.346800315577684870e+01
1.762917867058666843e+03,1.431621713679184715e+01
1.763738353227287689e+03,1.594312241271509833e+01
1.764856998256766929e+03,-6.225298833815329225e-01
1.766020399040788334e+03,1.336162411451611653e+01
1.766734560959252121e+03,1.415327929539140506e+01
1.767526209896377622e+03,1.555509601978934953e+01
1.769105220253751440e+03,1.590058863686999402e+01
1.770242110806225810e+03,-4.632922820222342142e-01
1.771411832424179011e+03,1.291334218150522339e+01
1.772101101730778282e+03,1.351404057167129302e+01
1.772825680555135705e+03,1.438418023592592832e+01
1.773661245794290380e+03,1.612666848162106348e+01
1.774732990879174167e+03,-1.202478784074387574e+00
1.775913689013122166e+03,1.478831628559622402e+01
1.777185109733976560e+03,1.876968015610308171e+01
1.778084508897738033e+03,-6.011154127911913392e+00
1.778715955142299208e+03,-5.816922207615134788e+00
1.779349979245100712e+03,-5.598592563655180321e+00
1.779987220012838407e+03,-5.351005790999625589e+00
1.780628512334470543e+03,-5.066547779253793848e+00
1.781275038430193945e+03,-4.734140037203856899e+00
1.781928562864803780e+03,-4.336758231689855414e+00
1.782591923272028680e+03,-3.846219763097752153e+00
1.783270240194764028e+03,-3.210500585931393314e+00
1.783974917693977204e+03,-2.314495267717229243e+00
1.784754840441905117e+03,-7.651416219163230670e-01
1.785917358217963510e+03,1.372875637284872141e+01
1.786659656843187804e+03,1.474147033075697699e+01
1.787693889492080416e+03,1.777871929937380457e+01
1.788626642244610139e+03,-4.521617552684630503e+00
1.789285216984434328e+03,-4.076971415483498618e+00
1.789956051410430291e+03,-3.514333152254362602e+00
1.790646872954902165e+03,-2.755246400653966532e+00
1.791379397041967195e+03,-1.592186411984514605e+00
1.792608788516425648e+03,1.582216564107481105e+01
1.793834487450743154e+03,-8.858282379204322765e-02
1.795086286824633362e+03,1.132299900377939927e+01
1.795726500059026648e+03,1.157113602473352110e+01
1.796371907764987100e+03,1.184296870678044478e+01
1.797023731091637046e+03,1.216105893670252058e+01
1.797684365843525256e+03,1.254315867766768555e+01
1.798357879739706050e+03,1.302029449410245299e+01
1.799052241963864390e+03,1.365515673296499699e+01
1.799787946140171471e+03,1.461320233386999412e+01
1.800703438903228744e+03,1.693297037068241551e+01
1.801684428930720969e+03,-3.042847592844004634e+00
1.802398116405729525e+03,-2.058839521014006024e+00
1.803289616045409048e+03,-9.338095606230392698e-02
1.804538177873551831e+03,1.135832600605150589e+01
1.805179086764058184e+03,1.161120536932198455e+01
1.805825382249497579e+03,1.188943129292507983e+01
1.806478399347040749e+03,1.221615381051406679e+01
1.807140723301479284e+03,1.261061227598623269e+01
1.807816822937142433e+03,1.310705614185800982e+01
1.808515726104687474e+03,1.377684195959700553e+01
1.809262296564436156e+03,1.482110033420416961e+01
1.810962787198225442e+03,1.160094982766540816e+01
1.811608832145789620e+03,1.188902821621127437e+01
1.812261838762531852e+03,1.221567618660655619e+01
1.812924147848808161e+03,1.261002573869029320e+01
1.813600224547326889e+03,1.310629799710189580e+01
1.814299086835026401e+03,1.377576860912624745e+01
1.815045555475358015e+03,1.481921810689723884e+01
1.816751490690927767e+03,1.156216468162149091e+01
1.817396670725692502e+03,1.184429027768289622e+01
1.818048527598881037e+03,1.216262428450525057e+01
1.818709209632454986e+03,1.254506953684419024e+01
1.819382795357765644e+03,1.302274068359237980e+01
1.820077281928141474e+03,1.365855679178675075e+01
1.820813272419796931e+03,1.461887036054117850e+01
1.821731853420535799e+03,1.695953609374488025e+01
1.822710894290725491e+03,-3.093987781537879567e+00
1.823421709665195067e+03,-2.137958173794398675e+00
1.824245963344578968e+03,-3.466592096553913205e-01
1.825425712196974700e+03,1.253977578083191524e+01
1.826099223083330116e+03,1.302319966569208631e+01
1.826793733022672996e+03,1.365919547171698056e+01
1.827529777400490275e+03,1.461993591081120769e+01
1.828448949908370196e+03,1.696459123685925618e+01
1.829427624095220608e+03,-3.103674590923517496e+00
1.830137908466097542e+03,-2.152832112209086546e+00
1.830956323307908178e+03,-3.865410003288641816e-01
1.832131955518083714e+03,1.267344145821992107e+01
1.832810694012917338e+03,1.319539559483918545e+01
1.833514515091678959e+03,1.390320210421599967e+01
1.834273941103559309e+03,1.504965707984120549e+01
1.835825295962349628e+03,1.353387907991631423e+01
1.836551528006911212e+03,1.441989663183922232e+01
1.837396046336086556e+03,1.623016724729609805e+01
1.838450107523757652e+03,-1.485711938240576568e+00
1.839661613543957628e+03,1.551562432526031365e+01
1.841230325163670386e+03,1.570074996349911700e+01
1.842878818405418315e+03,1.681806800201562879e+01
1.843868696159390083e+03,-2.816899115817191657e+00
1.844596722992928790e+03,-1.695801327983794238e+00
1.845849130375049754e+03,1.615425139420595002e+01
1.846915779770516110e+03,-1.280492593324463080e+00
1.848103109610243564e+03,1.498059966801887022e+01
1.849669792998190587e+03,1.314144927521446071e+01
1.850370732677496790e+03,1.383094073832019610e+01
1.851122588368666811e+03,1.491720314049380391e+01
1.852714298858801385e+03,1.270035583806932600e+01
1.853394141848314348e+03,1.323050027083912283e+01
1.854100006479389094e+03,1.395416179145653501e+01
1.854865168311632260e+03,1.514621421196098616e+01
1.856405780378129975e+03,1.401648001978851354e+01
1.857178668014951199e+03,1.527168341511957728e+01
1.858717439335686322e+03,1.458688169108007671e+01
1.859620159550324161e+03,1.681997142222035180e+01
1.860609885265230332e+03,-2.820667263195307584e+00
1.861337646662076168e+03,-1.702058721948605413e+00
1.862591685346013946e+03,1.617578315552359314e+01
1.863654572400909046e+03,-1.339966531527319926e+00
1.864847807528441081e+03,1.513039685517778743e+01
1.866389494515594834e+03,1.394332800987096199e+01
1.867153600353766478e+03,1.512891742924314720e+01
1.868695440397431639e+03,1.393400322108564104e+01
1.869458483527527733e+03,1.511116347459888232e+01
1.871001870826185950e+03,1.384783522298648606e+01
1.871755628516761590e+03,1.495133997521399927e+01
1.873332211507822421e+03,1.294809220789137427e+01
1.874023144742283876e+03,1.356135892942015708e+01
1.874751297489116496e+03,1.445968562250474854e+01
1.875606844519559900e+03,1.635249553883821960e+01
1.876643682639252575e+03,-1.795300512878990506e+00
1.877926797451636048e+03,1.652563101367994491e+01
1.878943543448214996e+03,-2.199309905709791124e+00
1.879747438054102531e+03,-5.040490718162881079e-01
1.880914877740079419e+03,1.303339434256027474e+01
1.881610062509402496e+03,1.367891764290959600e+01
1.882347787225191269e+03,1.465297355305354898e+01
1.883287319075815276e+03,1.713234950395542455e+01
1.884254528974748837e+03,-3.417618852540397434e+00
1.884949473883683822e+03,-2.617903189878139525e+00
1.885693274028476708e+03,-1.353126538819158675e+00
1.886887919708193522e+03,1.516396268917891454e+01
1.888427517440385827e+03,1.410185986620838605e+01
1.889211801661883328e+03,1.544719282019655004e+01
1.890766947190680185e+03,1.537209702045030824e+01
1.892312302425121061e+03,1.503290432541920651e+01
1.893866559782649119e+03,1.344589914009235265e+01
1.894586411128332657e+03,1.428192294643753790e+01
1.895400082370894552e+03,1.585606586464421142e+01
1.896567201172759724e+03,-2.724732612782186369e-01
1.897757256621025817e+03,1.226849308348932333e+01
1.898421331297820416e+03,1.268341251816969972e+01
1.899100342055633746e+03,1.320168472092873024e+01
1.899804525358276351e+03,1.391229889397791553e+01
1.900564949763801906e+03,1.506669211668356745e+01
1.902113647617278502e+03,1.362365255850139256e+01
1.902846918434119743e+03,1.456505595108668771e+01
1.903739463154317946e+03,1.672602993031954099e+01
1.904737065968478873e+03,-2.629651686735649641e+00
1.905479821504265374e+03,-1.374197496282884678e+00
1.906676821907849899e+03,1.521819871236392707e+01
1.908214955277480612e+03,1.434993766082421551e+01
1.909042892694884813e+03,1.603542322607734860e+01
1.910134189796936198e+03,-9.303586090678349629e-01
1.911300031714330316e+03,1.413320911409496006e+01
1.912088865728943574e+03,1.551442122465511630e+01
1.913657233030620546e+03,1.569347584298971299e+01
1.915300182854394734e+03,1.676057361077808494e+01
1.916294816335686846e+03,-2.700655554959686455e+00
1.917031593760804526e+03,-1.498776785090641939e+00
1.918245047479629875e+03,1.555178150002349291e+01
1.919823171481320060e+03,1.588454633017304296e+01
1.920968941046077362e+03,-3.983548084871250117e-01
1.922143506170575392e+03,1.271174660343284124e+01
1.922823822109811772e+03,1.324540328899189667e+01
1.923530570492233210e+03,1.397593117060989343e+01
1.924298293851938752e+03,1.518833703943080415e+01
1.925836970113079815e+03,1.421241838422096748e+01
1.926638354758856167e+03,1.569218503617207894e+01
1.928280214289193282e+03,1.674904124397558292e+01
1.929275828810895291e+03,-2.677064554181454170e+00
1.930014532234506760e+03,-1.457771049249600770e+00
1.931222046313904229e+03,1.543917600401200829e+01
1.932775961951220552e+03,1.533639174724181764e+01
1.934318168313129490e+03,1.487445008895709009e+01
1.935938013472854664e+03,1.233162604325677769e+01
1.936604155986450905e+03,1.276143710457502500e+01
1.937286434481607102e+03,1.330432219304925923e+01
1.937996775575459424e+03,1.406282135088520491e+01
1.938775475911355215e+03,1.536232220511630153e+01
1.940319846843390451e+03,1.498791067922258868e+01
1.941884461277622222e+03,1.318631891512550247e+01
1.942587922971159742e+03,1.389518111275418200e+01
1.943346477478326278e+03,1.503470661399743769e+01
1.944900494522956706e+03,1.345291218456417326e+01
1.945620837244259292e+03,1.429277770807816417e+01
1.946436614916542567e+03,1.588326114169330161e+01
1.947583256040461947e+03,-3.924023121787852952e-01
1.948758351561128165e+03,1.269252295890311721e+01
1.949437871235699276e+03,1.322026813089900799e+01
1.950143134745447924e+03,1.393926252530793164e+01
1.950906582866135295e+03,1.511769414867626793e+01
1.952449365937402263e+03,1.387972345635253646e+01
1.953206452479314521e+03,1.500963184727698874e+01
1.954765726351939065e+03,1.331174233449483246e+01
1.955476696559648872e+03,1.407860610041869087e+01
1.956257534350554351e+03,1.539503384587522028e+01
1.957805374472991616e+03,1.513415481354800463e+01
1.959346778695015018e+03,1.396131779054578281e+01
1.960112969445984163e+03,1.516344209092105366e+01
1.961652615551422741e+03,1.409737767879664005e+01
1.962436266491862852e+03,1.543771131770150618e+01
1.963989910147933415e+03,1.532827161030671981e+01
1.965531527605354540e+03,1.483855801341780278e+01
1.967193576645276380e+03,1.190691132053655821e+01
1.967847094808274960e+03,1.224691072048497098e+01
1.968510384645080421e+03,1.264845076437467242e+01
1.969187981284739863e+03,1.315610743145861150e+01
1.969889576598681288e+03,1.384668184772176858e+01
1.970643029258174920e+03,1.494564051223983370e+01
1.972221813885875463e+03,1.290896841629263747e+01
1.972910876439362028e+03,1.350810738487315810e+01
1.973635017458956099e+03,1.437479803914102128e+01
1.974468359118202443e+03,1.610035040983639121e+01
1.975545261604385360e+03,-1.126496904441635305e+00
1.976720586640644115e+03,1.460413792320458271e+01
1.977631787520001581e+03,1.689560649191340858e+01
1.978615583987690343e+03,-2.970236717510440716e+00
1.979333563642348963e+03,-1.944695403636990116e+00
1.980702622653521757e+03,1.730950971223648693e+01
1.981659025069968493e+03,-3.735110031153710874e+00
1.982341280633755332e+03,-3.060867065251158259e+00
1.983053940367371979e+03,-2.086705652672750766e+00
1.983908225363371685e+03,-1.950003038262652644e-01
1.985114734628839642e+03,1.193848442462736159e+01
1.985769094787340464e+03,1.228439095258927871e+01
1.986433584424603623e+03,1.269474080162242124e+01
1.987113059889392161e+03,1.321650550805241764e+01
1.987818103479457250e+03,1.393379278679996958e+01
1.988580930257444606e+03,1.510728526532185789e+01
1.990124696302903658e+03,1.382878639936291343e+01
1.990876521390043990e+03,1.491696588146490399e+01
1.992468355661782653e+03,1.269850662470722646e+01
1.993148122182102725e+03,1.322808346138839930e+01
1.993853844417842083e+03,1.395063917364327466e+01
1.994618598242607277e+03,1.513944895387917988e+01
1.996159658944554167e+03,1.398438098912675898e+01
1.996928592077802477e+03,1.520824827343373897e+01
1.998466835966256440e+03,1.430312427693820965e+01
1.999284907805466219e+03,1.591269381938311334e+01
